ID,DateTime,TempF,Location,,,
1,7/11/2015 11:00,92.95,Long Pine #1,,,
2,7/11/2015 11:15,97.014,Long Pine #1,,,
3,7/11/2015 11:30,101.761,Long Pine #1,,,
4,7/11/2015 11:45,103.948,Long Pine #1,,,
5,7/11/2015 12:00,105.031,Long Pine #1,,,
6,7/11/2015 12:15,107.125,Long Pine #1,,,
7,7/11/2015 12:30,108.991,Long Pine #1,,,
8,7/11/2015 12:45,110.019,Long Pine #1,,,
9,7/11/2015 13:00,104.824,Long Pine #1,,,
10,7/11/2015 13:15,98.233,Long Pine #1,,,
11,7/11/2015 13:30,92.386,Long Pine #1,,,
12,7/11/2015 13:45,87.894,Long Pine #1,,,
13,7/11/2015 14:00,84.182,Long Pine #1,,,
14,7/11/2015 14:15,80.845,Long Pine #1,,,
15,7/11/2015 14:30,77.902,Long Pine #1,,,
16,7/11/2015 14:45,75.463,Long Pine #1,,,
17,7/11/2015 15:00,73.083,Long Pine #1,,,
18,7/11/2015 15:15,71.103,Long Pine #1,,,
19,7/11/2015 15:30,69.985,Long Pine #1,,,
20,7/11/2015 15:45,69.256,Long Pine #1,,,
21,7/11/2015 16:00,71.533,Long Pine #1,,,
22,7/11/2015 16:15,78.91,Long Pine #1,,,
23,7/11/2015 16:30,87.985,Long Pine #1,,,
24,7/11/2015 16:45,95.279,Long Pine #1,,,
25,7/11/2015 17:00,100.308,Long Pine #1,,,
26,7/11/2015 17:15,105.447,Long Pine #1,,,
27,7/11/2015 17:30,110.838,Long Pine #1,,,
28,7/11/2015 17:45,115.666,Long Pine #1,,,
29,7/11/2015 18:00,119.426,Long Pine #1,,,
30,7/11/2015 18:15,122.416,Long Pine #1,,,
31,7/11/2015 18:30,123.793,Long Pine #1,,,
32,7/11/2015 18:45,123.919,Long Pine #1,,,
33,7/11/2015 19:00,121.984,Long Pine #1,,,
34,7/11/2015 19:15,115.954,Long Pine #1,,,
35,7/11/2015 19:30,107.02,Long Pine #1,,,
36,7/11/2015 19:45,99.365,Long Pine #1,,,
37,7/11/2015 20:00,93.281,Long Pine #1,,,
38,7/11/2015 20:15,88.579,Long Pine #1,,,
39,7/11/2015 20:30,84.945,Long Pine #1,,,
40,7/11/2015 20:45,81.819,Long Pine #1,,,
41,7/11/2015 21:00,79.48,Long Pine #1,,,
42,7/11/2015 21:15,77.639,Long Pine #1,,,
43,7/11/2015 21:30,76.114,Long Pine #1,,,
44,7/11/2015 21:45,75.117,Long Pine #1,,,
45,7/11/2015 22:00,75.247,Long Pine #1,,,
46,7/11/2015 22:15,80.227,Long Pine #1,,,
47,7/11/2015 22:30,91.729,Long Pine #1,,,
48,7/11/2015 22:45,102.214,Long Pine #1,,,
49,7/11/2015 23:00,109.423,Long Pine #1,,,
50,7/11/2015 23:15,114.012,Long Pine #1,,,
51,7/11/2015 23:30,116.942,Long Pine #1,,,
52,7/11/2015 23:45,118.828,Long Pine #1,,,
53,7/12/2015 0:00,121.368,Long Pine #1,,,
54,7/12/2015 0:15,123.541,Long Pine #1,,,
55,7/12/2015 0:30,126.03,Long Pine #1,,,
56,7/12/2015 0:45,128.129,Long Pine #1,,,
57,7/12/2015 1:00,127.533,Long Pine #1,,,
58,7/12/2015 1:15,122.727,Long Pine #1,,,
59,7/12/2015 1:30,113.221,Long Pine #1,,,
60,7/12/2015 1:45,104.308,Long Pine #1,,,
61,7/12/2015 2:00,97.306,Long Pine #1,,,
62,7/12/2015 2:15,91.87,Long Pine #1,,,
63,7/12/2015 2:30,87.62,Long Pine #1,,,
64,7/12/2015 2:45,83.556,Long Pine #1,,,
65,7/12/2015 3:00,79.567,Long Pine #1,,,
66,7/12/2015 3:15,75.898,Long Pine #1,,,
67,7/12/2015 3:30,72.653,Long Pine #1,,,
68,7/12/2015 3:45,70.286,Long Pine #1,,,
69,7/12/2015 4:00,71.19,Long Pine #1,,,
70,7/12/2015 4:15,78.996,Long Pine #1,,,
71,7/12/2015 4:30,83.959,Long Pine #1,,,
72,7/12/2015 4:45,69.256,Long Pine #1,,,
73,7/12/2015 5:00,70.587,Long Pine #1,,,
74,7/12/2015 5:15,72.178,Long Pine #1,,,
75,7/12/2015 5:30,73.688,Long Pine #1,,,
76,7/12/2015 5:45,75.074,Long Pine #1,,,
77,7/12/2015 6:00,76.289,Long Pine #1,,,
78,7/12/2015 6:15,77.16,Long Pine #1,,,
79,7/12/2015 6:30,77.596,Long Pine #1,,,
80,7/12/2015 6:45,77.464,Long Pine #1,,,
81,7/12/2015 7:00,76.899,Long Pine #1,,,
82,7/12/2015 7:15,75.942,Long Pine #1,,,
83,7/12/2015 7:30,74.727,Long Pine #1,,,
84,7/12/2015 7:45,73.558,Long Pine #1,,,
85,7/12/2015 8:00,72.567,Long Pine #1,,,
86,7/12/2015 8:15,71.62,Long Pine #1,,,
87,7/12/2015 8:30,70.803,Long Pine #1,,,
88,7/12/2015 8:45,70.072,Long Pine #1,,,
89,7/12/2015 9:00,69.3,Long Pine #1,,,
90,7/12/2015 9:15,68.527,Long Pine #1,,,
91,7/12/2015 9:30,67.757,Long Pine #1,,,
92,7/12/2015 9:45,67.028,Long Pine #1,,,
93,7/12/2015 10:00,66.558,Long Pine #1,,,
94,7/12/2015 10:15,66.6,Long Pine #1,,,
95,7/12/2015 10:30,67.372,Long Pine #1,,,
96,7/12/2015 10:45,68.614,Long Pine #1,,,
97,7/12/2015 11:00,70.243,Long Pine #1,,,
98,7/12/2015 11:15,71.964,Long Pine #1,,,
99,7/12/2015 11:30,73.602,Long Pine #1,,,
100,7/12/2015 11:45,75.074,Long Pine #1,,,
101,7/12/2015 12:00,76.375,Long Pine #1,,,
102,7/12/2015 12:15,77.203,Long Pine #1,,,
103,7/12/2015 12:30,77.596,Long Pine #1,,,
104,7/12/2015 12:45,77.378,Long Pine #1,,,
105,7/12/2015 13:00,76.681,Long Pine #1,,,
106,7/12/2015 13:15,75.724,Long Pine #1,,,
107,7/12/2015 13:30,74.597,Long Pine #1,,,
108,7/12/2015 13:45,73.558,Long Pine #1,,,
109,7/12/2015 14:00,72.826,Long Pine #1,,,
110,7/12/2015 14:15,72.136,Long Pine #1,,,
111,7/12/2015 14:30,71.404,Long Pine #1,,,
112,7/12/2015 14:45,70.759,Long Pine #1,,,
113,7/12/2015 15:00,70.158,Long Pine #1,,,
114,7/12/2015 15:15,69.557,Long Pine #1,,,
115,7/12/2015 15:30,68.956,Long Pine #1,,,
116,7/12/2015 15:45,68.443,Long Pine #1,,,
117,7/12/2015 16:00,68.142,Long Pine #1,,,
118,7/12/2015 16:15,68.142,Long Pine #1,,,
119,7/12/2015 16:30,68.099,Long Pine #1,,,
120,7/12/2015 16:45,68.056,Long Pine #1,,,
121,7/12/2015 17:00,68.056,Long Pine #1,,,
122,7/12/2015 17:15,68.614,Long Pine #1,,,
123,7/12/2015 17:30,68.785,Long Pine #1,,,
124,7/12/2015 17:45,68.742,Long Pine #1,,,
125,7/12/2015 18:00,69.129,Long Pine #1,,,
126,7/12/2015 18:15,69.858,Long Pine #1,,,
127,7/12/2015 18:30,70.201,Long Pine #1,,,
128,7/12/2015 18:45,70.286,Long Pine #1,,,
129,7/12/2015 19:00,70.072,Long Pine #1,,,
130,7/12/2015 19:15,69.685,Long Pine #1,,,
131,7/12/2015 19:30,68.956,Long Pine #1,,,
132,7/12/2015 19:45,68.185,Long Pine #1,,,
133,7/12/2015 20:00,67.5,Long Pine #1,,,
134,7/12/2015 20:15,67.071,Long Pine #1,,,
135,7/12/2015 20:30,66.729,Long Pine #1,,,
136,7/12/2015 20:45,66.472,Long Pine #1,,,
137,7/12/2015 21:00,66.258,Long Pine #1,,,
138,7/12/2015 21:15,66.043,Long Pine #1,,,
139,7/12/2015 21:30,65.745,Long Pine #1,,,
140,7/12/2015 21:45,65.487,Long Pine #1,,,
141,7/12/2015 22:00,65.403,Long Pine #1,,,
142,7/12/2015 22:15,65.53,Long Pine #1,,,
143,7/12/2015 22:30,66.385,Long Pine #1,,,
144,7/12/2015 22:45,67.842,Long Pine #1,,,
145,7/12/2015 23:00,69.643,Long Pine #1,,,
146,7/12/2015 23:15,71.49,Long Pine #1,,,
147,7/12/2015 23:30,73.213,Long Pine #1,,,
148,7/12/2015 23:45,74.727,Long Pine #1,,,
149,7/13/2015 0:00,75.767,Long Pine #1,,,
150,7/13/2015 0:15,76.942,Long Pine #1,,,
151,7/13/2015 0:30,77.203,Long Pine #1,,,
152,7/13/2015 0:45,77.117,Long Pine #1,,,
153,7/13/2015 1:00,76.375,Long Pine #1,,,
154,7/13/2015 1:15,75.29,Long Pine #1,,,
155,7/13/2015 1:30,74.12,Long Pine #1,,,
156,7/13/2015 1:45,72.997,Long Pine #1,,,
157,7/13/2015 2:00,72.093,Long Pine #1,,,
158,7/13/2015 2:15,71.19,Long Pine #1,,,
159,7/13/2015 2:30,70.286,Long Pine #1,,,
160,7/13/2015 2:45,69.427,Long Pine #1,,,
161,7/13/2015 3:00,68.527,Long Pine #1,,,
162,7/13/2015 3:15,67.627,Long Pine #1,,,
163,7/13/2015 3:30,66.814,Long Pine #1,,,
164,7/13/2015 3:45,66,Long Pine #1,,,
165,7/13/2015 4:00,65.487,Long Pine #1,,,
166,7/13/2015 4:15,65.53,Long Pine #1,,,
167,7/13/2015 4:30,66.344,Long Pine #1,,,
168,7/13/2015 4:45,67.671,Long Pine #1,,,
169,7/13/2015 5:00,69.386,Long Pine #1,,,
170,7/13/2015 5:15,71.19,Long Pine #1,,,
171,7/13/2015 5:30,72.955,Long Pine #1,,,
172,7/13/2015 5:45,74.554,Long Pine #1,,,
173,7/13/2015 6:00,75.942,Long Pine #1,,,
174,7/13/2015 6:15,76.899,Long Pine #1,,,
175,7/13/2015 6:30,77.464,Long Pine #1,,,
176,7/13/2015 6:45,77.292,Long Pine #1,,,
177,7/13/2015 7:00,76.375,Long Pine #1,,,
178,7/13/2015 7:15,75.204,Long Pine #1,,,
179,7/13/2015 7:30,73.99,Long Pine #1,,,
180,7/13/2015 7:45,72.955,Long Pine #1,,,
181,7/13/2015 8:00,72.264,Long Pine #1,,,
182,7/13/2015 8:15,71.62,Long Pine #1,,,
183,7/13/2015 8:30,70.887,Long Pine #1,,,
184,7/13/2015 8:45,70.115,Long Pine #1,,,
185,7/13/2015 9:00,69.3,Long Pine #1,,,
186,7/13/2015 9:15,68.356,Long Pine #1,,,
187,7/13/2015 9:30,67.413,Long Pine #1,,,
188,7/13/2015 9:45,66.643,Long Pine #1,,,
189,7/13/2015 10:00,66.087,Long Pine #1,,,
190,7/13/2015 10:15,66.087,Long Pine #1,,,
191,7/13/2015 10:30,66.814,Long Pine #1,,,
192,7/13/2015 10:45,68.013,Long Pine #1,,,
193,7/13/2015 11:00,69.685,Long Pine #1,,,
194,7/13/2015 11:15,71.274,Long Pine #1,,,
195,7/13/2015 11:30,72.394,Long Pine #1,,,
196,7/13/2015 11:45,73.774,Long Pine #1,,,
197,7/13/2015 12:00,75.376,Long Pine #1,,,
198,7/13/2015 12:15,75.853,Long Pine #1,,,
199,7/13/2015 12:30,75.853,Long Pine #1,,,
200,7/13/2015 12:45,75.724,Long Pine #1,,,
201,7/13/2015 13:00,75.247,Long Pine #1,,,
202,7/13/2015 13:15,74.206,Long Pine #1,,,
203,7/13/2015 13:30,72.912,Long Pine #1,,,
204,7/13/2015 13:45,71.704,Long Pine #1,,,
205,7/13/2015 14:00,70.846,Long Pine #1,,,
206,7/13/2015 14:15,70.072,Long Pine #1,,,
207,7/13/2015 14:30,69.213,Long Pine #1,,,
208,7/13/2015 14:45,68.484,Long Pine #1,,,
209,7/13/2015 15:00,67.714,Long Pine #1,,,
210,7/13/2015 15:15,66.857,Long Pine #1,,,
211,7/13/2015 15:30,66,Long Pine #1,,,
212,7/13/2015 15:45,65.273,Long Pine #1,,,
213,7/13/2015 16:00,64.76,Long Pine #1,,,
214,7/13/2015 16:15,64.803,Long Pine #1,,,
215,7/13/2015 16:30,65.53,Long Pine #1,,,
216,7/13/2015 16:45,66.814,Long Pine #1,,,
217,7/13/2015 17:00,68.4,Long Pine #1,,,
218,7/13/2015 17:15,69.942,Long Pine #1,,,
219,7/13/2015 17:30,71.62,Long Pine #1,,,
220,7/13/2015 17:45,73.342,Long Pine #1,,,
221,7/13/2015 18:00,74.597,Long Pine #1,,,
222,7/13/2015 18:15,74.813,Long Pine #1,,,
223,7/13/2015 18:30,75.247,Long Pine #1,,,
224,7/13/2015 18:45,76.203,Long Pine #1,,,
225,7/13/2015 19:00,75.681,Long Pine #1,,,
226,7/13/2015 19:15,74.295,Long Pine #1,,,
227,7/13/2015 19:30,73.17,Long Pine #1,,,
228,7/13/2015 19:45,72.136,Long Pine #1,,,
229,7/13/2015 20:00,71.49,Long Pine #1,,,
230,7/13/2015 20:15,70.673,Long Pine #1,,,
231,7/13/2015 20:30,69.942,Long Pine #1,,,
232,7/13/2015 20:45,69.256,Long Pine #1,,,
233,7/13/2015 21:00,68.614,Long Pine #1,,,
234,7/13/2015 21:15,67.971,Long Pine #1,,,
235,7/13/2015 21:30,67.242,Long Pine #1,,,
236,7/13/2015 21:45,66.643,Long Pine #1,,,
237,7/13/2015 22:00,66.173,Long Pine #1,,,
238,7/13/2015 22:15,66.13,Long Pine #1,,,
239,7/13/2015 22:30,66.772,Long Pine #1,,,
240,7/13/2015 22:45,67.885,Long Pine #1,,,
241,7/13/2015 23:00,69.256,Long Pine #1,,,
242,7/13/2015 23:15,70.759,Long Pine #1,,,
243,7/13/2015 23:30,72.178,Long Pine #1,,,
244,7/13/2015 23:45,73.429,Long Pine #1,,,
245,7/14/2015 0:00,74.511,Long Pine #1,,,
246,7/14/2015 0:15,75.29,Long Pine #1,,,
247,7/14/2015 0:30,75.508,Long Pine #1,,,
248,7/14/2015 0:45,75.204,Long Pine #1,,,
249,7/14/2015 1:00,74.511,Long Pine #1,,,
250,7/14/2015 1:15,73.602,Long Pine #1,,,
251,7/14/2015 1:30,72.351,Long Pine #1,,,
252,7/14/2015 1:45,71.274,Long Pine #1,,,
253,7/14/2015 2:00,70.372,Long Pine #1,,,
254,7/14/2015 2:15,69.514,Long Pine #1,,,
255,7/14/2015 2:30,68.614,Long Pine #1,,,
256,7/14/2015 2:45,67.757,Long Pine #1,,,
257,7/14/2015 3:00,66.857,Long Pine #1,,,
258,7/14/2015 3:15,65.959,Long Pine #1,,,
259,7/14/2015 3:30,65.059,Long Pine #1,,,
260,7/14/2015 3:45,64.332,Long Pine #1,,,
261,7/14/2015 4:00,63.775,Long Pine #1,,,
262,7/14/2015 4:15,63.862,Long Pine #1,,,
263,7/14/2015 4:30,64.503,Long Pine #1,,,
264,7/14/2015 4:45,65.701,Long Pine #1,,,
265,7/14/2015 5:00,66.729,Long Pine #1,,,
266,7/14/2015 5:15,68.227,Long Pine #1,,,
267,7/14/2015 5:30,70.243,Long Pine #1,,,
268,7/14/2015 5:45,70.887,Long Pine #1,,,
269,7/14/2015 6:00,70.716,Long Pine #1,,,
270,7/14/2015 6:15,70.673,Long Pine #1,,,
271,7/14/2015 6:30,70.372,Long Pine #1,,,
272,7/14/2015 6:45,70.115,Long Pine #1,,,
273,7/14/2015 7:00,69.901,Long Pine #1,,,
274,7/14/2015 7:15,69.6,Long Pine #1,,,
275,7/14/2015 7:30,69.085,Long Pine #1,,,
276,7/14/2015 7:45,68.698,Long Pine #1,,,
277,7/14/2015 8:00,68.356,Long Pine #1,,,
278,7/14/2015 8:15,67.842,Long Pine #1,,,
279,7/14/2015 8:30,67.285,Long Pine #1,,,
280,7/14/2015 8:45,66.814,Long Pine #1,,,
281,7/14/2015 9:00,66.385,Long Pine #1,,,
282,7/14/2015 9:15,65.959,Long Pine #1,,,
283,7/14/2015 9:30,65.615,Long Pine #1,,,
284,7/14/2015 9:45,65.188,Long Pine #1,,,
285,7/14/2015 10:00,64.974,Long Pine #1,,,
286,7/14/2015 10:15,64.888,Long Pine #1,,,
287,7/14/2015 10:30,65.102,Long Pine #1,,,
288,7/14/2015 10:45,65.658,Long Pine #1,,,
289,7/14/2015 11:00,67.071,Long Pine #1,,,
290,7/14/2015 11:15,68.698,Long Pine #1,,,
291,7/14/2015 11:30,70.243,Long Pine #1,,,
292,7/14/2015 11:45,71.103,Long Pine #1,,,
293,7/14/2015 12:00,72.783,Long Pine #1,,,
294,7/14/2015 12:15,73.904,Long Pine #1,,,
295,7/14/2015 12:30,74.511,Long Pine #1,,,
296,7/14/2015 12:45,74.683,Long Pine #1,,,
297,7/14/2015 13:00,74.034,Long Pine #1,,,
298,7/14/2015 13:15,73.213,Long Pine #1,,,
299,7/14/2015 13:30,72.264,Long Pine #1,,,
300,7/14/2015 13:45,71.317,Long Pine #1,,,
301,7/14/2015 14:00,70.673,Long Pine #1,,,
302,7/14/2015 14:15,70.201,Long Pine #1,,,
303,7/14/2015 14:30,69.685,Long Pine #1,,,
304,7/14/2015 14:45,69.085,Long Pine #1,,,
305,7/14/2015 15:00,68.4,Long Pine #1,,,
306,7/14/2015 15:15,67.757,Long Pine #1,,,
307,7/14/2015 15:30,67.071,Long Pine #1,,,
308,7/14/2015 15:45,66.6,Long Pine #1,,,
309,7/14/2015 16:00,66.385,Long Pine #1,,,
310,7/14/2015 16:15,66.643,Long Pine #1,,,
311,7/14/2015 16:30,67.543,Long Pine #1,,,
312,7/14/2015 16:45,68.913,Long Pine #1,,,
313,7/14/2015 17:00,70.673,Long Pine #1,,,
314,7/14/2015 17:15,72.523,Long Pine #1,,,
315,7/14/2015 17:30,74.295,Long Pine #1,,,
316,7/14/2015 17:45,75.853,Long Pine #1,,,
317,7/14/2015 18:00,77.335,Long Pine #1,,,
318,7/14/2015 18:15,78.382,Long Pine #1,,,
319,7/14/2015 18:30,78.865,Long Pine #1,,,
320,7/14/2015 18:45,78.822,Long Pine #1,,,
321,7/14/2015 19:00,78.076,Long Pine #1,,,
322,7/14/2015 19:15,77.117,Long Pine #1,,,
323,7/14/2015 19:30,76.158,Long Pine #1,,,
324,7/14/2015 19:45,75.376,Long Pine #1,,,
325,7/14/2015 20:00,74.813,Long Pine #1,,,
326,7/14/2015 20:15,74.206,Long Pine #1,,,
327,7/14/2015 20:30,73.429,Long Pine #1,,,
328,7/14/2015 20:45,72.61,Long Pine #1,,,
329,7/14/2015 21:00,71.791,Long Pine #1,,,
330,7/14/2015 21:15,70.974,Long Pine #1,,,
331,7/14/2015 21:30,70.201,Long Pine #1,,,
332,7/14/2015 21:45,69.471,Long Pine #1,,,
333,7/14/2015 22:00,68.956,Long Pine #1,,,
334,7/14/2015 22:15,68.871,Long Pine #1,,,
335,7/14/2015 22:30,69.386,Long Pine #1,,,
336,7/14/2015 22:45,70.372,Long Pine #1,,,
337,7/14/2015 23:00,71.748,Long Pine #1,,,
338,7/14/2015 23:15,73.256,Long Pine #1,,,
339,7/14/2015 23:30,74.64,Long Pine #1,,,
340,7/14/2015 23:45,75.767,Long Pine #1,,,
341,7/15/2015 0:00,76.854,Long Pine #1,,,
342,7/15/2015 0:15,77.684,Long Pine #1,,,
343,7/15/2015 0:30,78.165,Long Pine #1,,,
344,7/15/2015 0:45,77.902,Long Pine #1,,,
345,7/15/2015 1:00,77.16,Long Pine #1,,,
346,7/15/2015 1:15,76.028,Long Pine #1,,,
347,7/15/2015 1:30,74.683,Long Pine #1,,,
348,7/15/2015 1:45,73.515,Long Pine #1,,,
349,7/15/2015 2:00,72.696,Long Pine #1,,,
350,7/15/2015 2:15,71.964,Long Pine #1,,,
351,7/15/2015 2:30,71.146,Long Pine #1,,,
352,7/15/2015 2:45,70.416,Long Pine #1,,,
353,7/15/2015 3:00,69.771,Long Pine #1,,,
354,7/15/2015 3:15,69.085,Long Pine #1,,,
355,7/15/2015 3:30,68.356,Long Pine #1,,,
356,7/15/2015 3:45,67.586,Long Pine #1,,,
357,7/15/2015 4:00,67.158,Long Pine #1,,,
358,7/15/2015 4:15,67.158,Long Pine #1,,,
359,7/15/2015 4:30,67.671,Long Pine #1,,,
360,7/15/2015 4:45,68.227,Long Pine #1,,,
361,7/15/2015 5:00,69.771,Long Pine #1,,,
362,7/15/2015 5:15,71.62,Long Pine #1,,,
363,7/15/2015 5:30,73.602,Long Pine #1,,,
364,7/15/2015 5:45,74.381,Long Pine #1,,,
365,7/15/2015 6:00,74.943,Long Pine #1,,,
366,7/15/2015 6:15,75.767,Long Pine #1,,,
367,7/15/2015 6:30,76.289,Long Pine #1,,,
368,7/15/2015 6:45,76.246,Long Pine #1,,,
369,7/15/2015 7:00,76.028,Long Pine #1,,,
370,7/15/2015 7:15,75.508,Long Pine #1,,,
371,7/15/2015 7:30,74.467,Long Pine #1,,,
372,7/15/2015 7:45,73.515,Long Pine #1,,,
373,7/15/2015 8:00,72.826,Long Pine #1,,,
374,7/15/2015 8:15,72.264,Long Pine #1,,,
375,7/15/2015 8:30,71.704,Long Pine #1,,,
376,7/15/2015 8:45,71.103,Long Pine #1,,,
377,7/15/2015 9:00,70.502,Long Pine #1,,,
378,7/15/2015 9:15,69.771,Long Pine #1,,,
379,7/15/2015 9:30,69.042,Long Pine #1,,,
380,7/15/2015 9:45,68.313,Long Pine #1,,,
381,7/15/2015 10:00,67.842,Long Pine #1,,,
382,7/15/2015 10:15,67.798,Long Pine #1,,,
383,7/15/2015 10:30,68.443,Long Pine #1,,,
384,7/15/2015 10:45,69.643,Long Pine #1,,,
385,7/15/2015 11:00,71.231,Long Pine #1,,,
386,7/15/2015 11:15,72.955,Long Pine #1,,,
387,7/15/2015 11:30,74.597,Long Pine #1,,,
388,7/15/2015 11:45,76.114,Long Pine #1,,,
389,7/15/2015 12:00,76.854,Long Pine #1,,,
390,7/15/2015 12:15,76.811,Long Pine #1,,,
391,7/15/2015 12:30,76.55,Long Pine #1,,,
392,7/15/2015 12:45,76.114,Long Pine #1,,,
393,7/15/2015 13:00,75.42,Long Pine #1,,,
394,7/15/2015 13:15,74.511,Long Pine #1,,,
395,7/15/2015 13:30,73.731,Long Pine #1,,,
396,7/15/2015 13:45,72.997,Long Pine #1,,,
397,7/15/2015 14:00,72.307,Long Pine #1,,,
398,7/15/2015 14:15,71.533,Long Pine #1,,,
399,7/15/2015 14:30,70.974,Long Pine #1,,,
400,7/15/2015 14:45,70.372,Long Pine #1,,,
401,7/15/2015 15:00,69.814,Long Pine #1,,,
402,7/15/2015 15:15,69.042,Long Pine #1,,,
403,7/15/2015 15:30,68.227,Long Pine #1,,,
404,7/15/2015 15:45,67.5,Long Pine #1,,,
405,7/15/2015 16:00,66.985,Long Pine #1,,,
406,7/15/2015 16:15,66.814,Long Pine #1,,,
407,7/15/2015 16:30,67.329,Long Pine #1,,,
408,7/15/2015 16:45,68.527,Long Pine #1,,,
409,7/15/2015 17:00,69.942,Long Pine #1,,,
410,7/15/2015 17:15,71.447,Long Pine #1,,,
411,7/15/2015 17:30,72.869,Long Pine #1,,,
412,7/15/2015 17:45,74.338,Long Pine #1,,,
413,7/15/2015 18:00,75.681,Long Pine #1,,,
414,7/15/2015 18:15,76.593,Long Pine #1,,,
415,7/15/2015 18:30,77.072,Long Pine #1,,,
416,7/15/2015 18:45,77.072,Long Pine #1,,,
417,7/15/2015 19:00,76.725,Long Pine #1,,,
418,7/15/2015 19:15,76.028,Long Pine #1,,,
419,7/15/2015 19:30,75.333,Long Pine #1,,,
420,7/15/2015 19:45,74.727,Long Pine #1,,,
421,7/15/2015 20:00,74.338,Long Pine #1,,,
422,7/15/2015 20:15,73.99,Long Pine #1,,,
423,7/15/2015 20:30,73.558,Long Pine #1,,,
424,7/15/2015 20:45,72.869,Long Pine #1,,,
425,7/15/2015 21:00,72.178,Long Pine #1,,,
426,7/15/2015 21:15,71.533,Long Pine #1,,,
427,7/15/2015 21:30,70.803,Long Pine #1,,,
428,7/15/2015 21:45,69.942,Long Pine #1,,,
429,7/15/2015 22:00,69.17,Long Pine #1,,,
430,7/15/2015 22:15,68.828,Long Pine #1,,,
431,7/15/2015 22:30,68.871,Long Pine #1,,,
432,7/15/2015 22:45,69.471,Long Pine #1,,,
433,7/15/2015 23:00,70.459,Long Pine #1,,,
434,7/15/2015 23:15,71.704,Long Pine #1,,,
435,7/15/2015 23:30,72.826,Long Pine #1,,,
436,7/15/2015 23:45,73.774,Long Pine #1,,,
437,7/16/2015 0:00,74.64,Long Pine #1,,,
438,7/16/2015 0:15,75.247,Long Pine #1,,,
439,7/16/2015 0:30,75.463,Long Pine #1,,,
440,7/16/2015 0:45,75.16,Long Pine #1,,,
441,7/16/2015 1:00,74.381,Long Pine #1,,,
442,7/16/2015 1:15,73.342,Long Pine #1,,,
443,7/16/2015 1:30,72.007,Long Pine #1,,,
444,7/16/2015 1:45,70.759,Long Pine #1,,,
445,7/16/2015 2:00,69.685,Long Pine #1,,,
446,7/16/2015 2:15,68.657,Long Pine #1,,,
447,7/16/2015 2:30,67.627,Long Pine #1,,,
448,7/16/2015 2:45,66.643,Long Pine #1,,,
449,7/16/2015 3:00,65.658,Long Pine #1,,,
450,7/16/2015 3:15,64.632,Long Pine #1,,,
451,7/16/2015 3:30,63.648,Long Pine #1,,,
452,7/16/2015 3:45,62.748,Long Pine #1,,,
453,7/16/2015 4:00,62.062,Long Pine #1,,,
454,7/16/2015 4:15,62.062,Long Pine #1,,,
455,7/16/2015 4:30,62.791,Long Pine #1,,,
456,7/16/2015 4:45,64.033,Long Pine #1,,,
457,7/16/2015 5:00,65.615,Long Pine #1,,,
458,7/16/2015 5:15,67.242,Long Pine #1,,,
459,7/16/2015 5:30,68.871,Long Pine #1,,,
460,7/16/2015 5:45,70.372,Long Pine #1,,,
461,7/16/2015 6:00,71.661,Long Pine #1,,,
462,7/16/2015 6:15,72.523,Long Pine #1,,,
463,7/16/2015 6:30,72.955,Long Pine #1,,,
464,7/16/2015 6:45,72.826,Long Pine #1,,,
465,7/16/2015 7:00,72.264,Long Pine #1,,,
466,7/16/2015 7:15,71.447,Long Pine #1,,,
467,7/16/2015 7:30,70.459,Long Pine #1,,,
468,7/16/2015 7:45,69.685,Long Pine #1,,,
469,7/16/2015 8:00,69.085,Long Pine #1,,,
470,7/16/2015 8:15,68.4,Long Pine #1,,,
471,7/16/2015 8:30,67.671,Long Pine #1,,,
472,7/16/2015 8:45,66.943,Long Pine #1,,,
473,7/16/2015 9:00,66.13,Long Pine #1,,,
474,7/16/2015 9:15,65.273,Long Pine #1,,,
475,7/16/2015 9:30,64.459,Long Pine #1,,,
476,7/16/2015 9:45,63.732,Long Pine #1,,,
477,7/16/2015 10:00,63.176,Long Pine #1,,,
478,7/16/2015 10:15,63.133,Long Pine #1,,,
479,7/16/2015 10:30,63.862,Long Pine #1,,,
480,7/16/2015 10:45,65.145,Long Pine #1,,,
481,7/16/2015 11:00,66.472,Long Pine #1,,,
482,7/16/2015 11:15,68.356,Long Pine #1,,,
483,7/16/2015 11:30,69.901,Long Pine #1,,,
484,7/16/2015 11:45,71.533,Long Pine #1,,,
485,7/16/2015 12:00,71.964,Long Pine #1,,,
486,7/16/2015 12:15,72.48,Long Pine #1,,,
487,7/16/2015 12:30,73.947,Long Pine #1,,,
488,7/16/2015 12:45,74.381,Long Pine #1,,,
489,7/16/2015 13:00,73.645,Long Pine #1,,,
490,7/16/2015 13:15,72.567,Long Pine #1,,,
491,7/16/2015 13:30,71.49,Long Pine #1,,,
492,7/16/2015 13:45,70.416,Long Pine #1,,,
493,7/16/2015 14:00,69.685,Long Pine #1,,,
494,7/16/2015 14:15,68.956,Long Pine #1,,,
495,7/16/2015 14:30,68.185,Long Pine #1,,,
496,7/16/2015 14:45,67.329,Long Pine #1,,,
497,7/16/2015 15:00,66.472,Long Pine #1,,,
498,7/16/2015 15:15,65.658,Long Pine #1,,,
499,7/16/2015 15:30,64.845,Long Pine #1,,,
500,7/16/2015 15:45,64.117,Long Pine #1,,,
501,7/16/2015 16:00,63.604,Long Pine #1,,,
502,7/16/2015 16:15,63.561,Long Pine #1,,,
503,7/16/2015 16:30,64.247,Long Pine #1,,,
504,7/16/2015 16:45,65.615,Long Pine #1,,,
505,7/16/2015 17:00,67.372,Long Pine #1,,,
506,7/16/2015 17:15,69.256,Long Pine #1,,,
507,7/16/2015 17:30,71.146,Long Pine #1,,,
508,7/16/2015 17:45,72.653,Long Pine #1,,,
509,7/16/2015 18:00,73.429,Long Pine #1,,,
510,7/16/2015 18:15,74.206,Long Pine #1,,,
511,7/16/2015 18:30,74.554,Long Pine #1,,,
512,7/16/2015 18:45,74.554,Long Pine #1,,,
513,7/16/2015 19:00,74.12,Long Pine #1,,,
514,7/16/2015 19:15,73.342,Long Pine #1,,,
515,7/16/2015 19:30,72.221,Long Pine #1,,,
516,7/16/2015 19:45,71.404,Long Pine #1,,,
517,7/16/2015 20:00,70.846,Long Pine #1,,,
518,7/16/2015 20:15,70.243,Long Pine #1,,,
519,7/16/2015 20:30,69.514,Long Pine #1,,,
520,7/16/2015 20:45,68.785,Long Pine #1,,,
521,7/16/2015 21:00,68.356,Long Pine #1,,,
522,7/16/2015 21:15,67.757,Long Pine #1,,,
523,7/16/2015 21:30,67.158,Long Pine #1,,,
524,7/16/2015 21:45,66.558,Long Pine #1,,,
525,7/16/2015 22:00,66,Long Pine #1,,,
526,7/16/2015 22:15,65.574,Long Pine #1,,,
527,7/16/2015 22:30,65.102,Long Pine #1,,,
528,7/16/2015 22:45,64.589,Long Pine #1,,,
529,7/16/2015 23:00,63.862,Long Pine #1,,,
530,7/16/2015 23:15,63.475,Long Pine #1,,,
531,7/16/2015 23:30,63.946,Long Pine #1,,,
532,7/16/2015 23:45,65.872,Long Pine #1,,,
533,7/17/2015 0:00,67.413,Long Pine #1,,,
534,7/17/2015 0:15,68.571,Long Pine #1,,,
535,7/17/2015 0:30,69.343,Long Pine #1,,,
536,7/17/2015 0:45,69.643,Long Pine #1,,,
537,7/17/2015 1:00,69.213,Long Pine #1,,,
538,7/17/2015 1:15,68.657,Long Pine #1,,,
539,7/17/2015 1:30,67.757,Long Pine #1,,,
540,7/17/2015 1:45,67.114,Long Pine #1,,,
541,7/17/2015 2:00,66.9,Long Pine #1,,,
542,7/17/2015 2:15,66.558,Long Pine #1,,,
543,7/17/2015 2:30,66.043,Long Pine #1,,,
544,7/17/2015 2:45,65.487,Long Pine #1,,,
545,7/17/2015 3:00,64.931,Long Pine #1,,,
546,7/17/2015 3:15,64.503,Long Pine #1,,,
547,7/17/2015 3:30,64.074,Long Pine #1,,,
548,7/17/2015 3:45,63.648,Long Pine #1,,,
549,7/17/2015 4:00,63.304,Long Pine #1,,,
550,7/17/2015 4:15,63.39,Long Pine #1,,,
551,7/17/2015 4:30,64.161,Long Pine #1,,,
552,7/17/2015 4:45,65.444,Long Pine #1,,,
553,7/17/2015 5:00,67.071,Long Pine #1,,,
554,7/17/2015 5:15,68.828,Long Pine #1,,,
555,7/17/2015 5:30,70.459,Long Pine #1,,,
556,7/17/2015 5:45,72.007,Long Pine #1,,,
557,7/17/2015 6:00,73.299,Long Pine #1,,,
558,7/17/2015 6:15,74.25,Long Pine #1,,,
559,7/17/2015 6:30,74.77,Long Pine #1,,,
560,7/17/2015 6:45,74.727,Long Pine #1,,,
561,7/17/2015 7:00,74.206,Long Pine #1,,,
562,7/17/2015 7:15,73.429,Long Pine #1,,,
563,7/17/2015 7:30,72.437,Long Pine #1,,,
564,7/17/2015 7:45,71.62,Long Pine #1,,,
565,7/17/2015 8:00,70.93,Long Pine #1,,,
566,7/17/2015 8:15,70.243,Long Pine #1,,,
567,7/17/2015 8:30,69.471,Long Pine #1,,,
568,7/17/2015 8:45,68.657,Long Pine #1,,,
569,7/17/2015 9:00,67.885,Long Pine #1,,,
570,7/17/2015 9:15,67.114,Long Pine #1,,,
571,7/17/2015 9:30,66.472,Long Pine #1,,,
572,7/17/2015 9:45,65.959,Long Pine #1,,,
573,7/17/2015 10:00,65.615,Long Pine #1,,,
574,7/17/2015 10:15,65.615,Long Pine #1,,,
575,7/17/2015 10:30,66.13,Long Pine #1,,,
576,7/17/2015 10:45,67.158,Long Pine #1,,,
577,7/17/2015 11:00,68.571,Long Pine #1,,,
578,7/17/2015 11:15,70.072,Long Pine #1,,,
579,7/17/2015 11:30,71.447,Long Pine #1,,,
580,7/17/2015 11:45,72.739,Long Pine #1,,,
581,7/17/2015 12:00,73.731,Long Pine #1,,,
582,7/17/2015 12:15,74.034,Long Pine #1,,,
583,7/17/2015 12:30,74.206,Long Pine #1,,,
584,7/17/2015 12:45,74.034,Long Pine #1,,,
585,7/17/2015 13:00,73.429,Long Pine #1,,,
586,7/17/2015 13:15,72.783,Long Pine #1,,,
587,7/17/2015 13:30,71.964,Long Pine #1,,,
588,7/17/2015 13:45,71.317,Long Pine #1,,,
589,7/17/2015 14:00,70.803,Long Pine #1,,,
590,7/17/2015 14:15,70.243,Long Pine #1,,,
591,7/17/2015 14:30,69.514,Long Pine #1,,,
592,7/17/2015 14:45,68.913,Long Pine #1,,,
593,7/17/2015 15:00,68.27,Long Pine #1,,,
594,7/17/2015 15:15,67.671,Long Pine #1,,,
595,7/17/2015 15:30,67.028,Long Pine #1,,,
596,7/17/2015 15:45,65.701,Long Pine #1,,,
597,7/17/2015 16:00,65.403,Long Pine #1,,,
598,7/17/2015 16:15,65.017,Long Pine #1,,,
599,7/17/2015 16:30,65.273,Long Pine #1,,,
600,7/17/2015 16:45,65.701,Long Pine #1,,,
601,7/17/2015 17:00,67.114,Long Pine #1,,,
602,7/17/2015 17:15,69.085,Long Pine #1,,,
603,7/17/2015 17:30,70.759,Long Pine #1,,,
604,7/17/2015 17:45,71.834,Long Pine #1,,,
605,7/17/2015 18:00,72.351,Long Pine #1,,,
606,7/17/2015 18:15,72.61,Long Pine #1,,,
607,7/17/2015 18:30,72.48,Long Pine #1,,,
608,7/17/2015 18:45,72.178,Long Pine #1,,,
609,7/17/2015 19:00,71.791,Long Pine #1,,,
610,7/17/2015 19:15,71.06,Long Pine #1,,,
611,7/17/2015 19:30,70.286,Long Pine #1,,,
612,7/17/2015 19:45,69.6,Long Pine #1,,,
613,7/17/2015 20:00,68.828,Long Pine #1,,,
614,7/17/2015 20:15,68.142,Long Pine #1,,,
615,7/17/2015 20:30,67.586,Long Pine #1,,,
616,7/17/2015 20:45,67.071,Long Pine #1,,,
617,7/17/2015 21:00,66.429,Long Pine #1,,,
618,7/17/2015 21:15,65.872,Long Pine #1,,,
619,7/17/2015 21:30,65.444,Long Pine #1,,,
620,7/17/2015 21:45,65.102,Long Pine #1,,,
621,7/17/2015 22:00,64.845,Long Pine #1,,,
622,7/17/2015 22:15,64.888,Long Pine #1,,,
623,7/17/2015 22:30,65.188,Long Pine #1,,,
624,7/17/2015 22:45,66.13,Long Pine #1,,,
625,7/17/2015 23:00,67.971,Long Pine #1,,,
626,7/17/2015 23:15,69.771,Long Pine #1,,,
627,7/17/2015 23:30,71.661,Long Pine #1,,,
628,7/17/2015 23:45,73.17,Long Pine #1,,,
629,7/18/2015 0:00,74.467,Long Pine #1,,,
630,7/18/2015 0:15,75.074,Long Pine #1,,,
631,7/18/2015 0:30,75.463,Long Pine #1,,,
632,7/18/2015 0:45,75.333,Long Pine #1,,,
633,7/18/2015 1:00,74.813,Long Pine #1,,,
634,7/18/2015 1:15,73.947,Long Pine #1,,,
635,7/18/2015 1:30,72.997,Long Pine #1,,,
636,7/18/2015 1:45,72.221,Long Pine #1,,,
637,7/18/2015 2:00,71.62,Long Pine #1,,,
638,7/18/2015 2:15,71.146,Long Pine #1,,,
639,7/18/2015 2:30,70.673,Long Pine #1,,,
640,7/18/2015 2:45,70.243,Long Pine #1,,,
641,7/18/2015 3:00,69.685,Long Pine #1,,,
642,7/18/2015 3:15,69.256,Long Pine #1,,,
643,7/18/2015 3:30,68.871,Long Pine #1,,,
644,7/18/2015 3:45,68.443,Long Pine #1,,,
645,7/18/2015 4:00,68.056,Long Pine #1,,,
646,7/18/2015 4:15,67.928,Long Pine #1,,,
647,7/18/2015 4:30,68.4,Long Pine #1,,,
648,7/18/2015 4:45,69.256,Long Pine #1,,,
649,7/18/2015 5:00,70.673,Long Pine #1,,,
650,7/18/2015 5:15,72.221,Long Pine #1,,,
651,7/18/2015 5:30,73.645,Long Pine #1,,,
652,7/18/2015 5:45,74.899,Long Pine #1,,,
653,7/18/2015 6:00,76.028,Long Pine #1,,,
654,7/18/2015 6:15,76.332,Long Pine #1,,,
655,7/18/2015 6:30,76.507,Long Pine #1,,,
656,7/18/2015 6:45,76.332,Long Pine #1,,,
657,7/18/2015 7:00,75.42,Long Pine #1,,,
658,7/18/2015 7:15,74.338,Long Pine #1,,,
659,7/18/2015 7:30,73.256,Long Pine #1,,,
660,7/18/2015 7:45,72.307,Long Pine #1,,,
661,7/18/2015 8:00,71.404,Long Pine #1,,,
662,7/18/2015 8:15,70.502,Long Pine #1,,,
663,7/18/2015 8:30,69.6,Long Pine #1,,,
664,7/18/2015 8:45,68.742,Long Pine #1,,,
665,7/18/2015 9:00,67.885,Long Pine #1,,,
666,7/18/2015 9:15,66.985,Long Pine #1,,,
667,7/18/2015 9:30,66.214,Long Pine #1,,,
668,7/18/2015 9:45,65.487,Long Pine #1,,,
669,7/18/2015 10:00,64.974,Long Pine #1,,,
670,7/18/2015 10:15,64.888,Long Pine #1,,,
671,7/18/2015 10:30,65.444,Long Pine #1,,,
672,7/18/2015 10:45,66.686,Long Pine #1,,,
673,7/18/2015 11:00,67.885,Long Pine #1,,,
674,7/18/2015 11:15,68.657,Long Pine #1,,,
675,7/18/2015 11:30,70.201,Long Pine #1,,,
676,7/18/2015 11:45,71.877,Long Pine #1,,,
677,7/18/2015 12:00,73.17,Long Pine #1,,,
678,7/18/2015 12:15,73.99,Long Pine #1,,,
679,7/18/2015 12:30,74.206,Long Pine #1,,,
680,7/18/2015 12:45,73.947,Long Pine #1,,,
681,7/18/2015 13:00,73.299,Long Pine #1,,,
682,7/18/2015 13:15,72.48,Long Pine #1,,,
683,7/18/2015 13:30,71.964,Long Pine #1,,,
684,7/18/2015 13:45,71.661,Long Pine #1,,,
685,7/18/2015 14:00,71.274,Long Pine #1,,,
686,7/18/2015 14:15,70.803,Long Pine #1,,,
687,7/18/2015 14:30,70.416,Long Pine #1,,,
688,7/18/2015 14:45,69.942,Long Pine #1,,,
689,7/18/2015 15:00,69.427,Long Pine #1,,,
690,7/18/2015 15:15,68.956,Long Pine #1,,,
691,7/18/2015 15:30,68.4,Long Pine #1,,,
692,7/18/2015 15:45,67.757,Long Pine #1,,,
693,7/18/2015 16:00,67.372,Long Pine #1,,,
694,7/18/2015 16:15,67.285,Long Pine #1,,,
695,7/18/2015 16:30,67.714,Long Pine #1,,,
696,7/18/2015 16:45,68.657,Long Pine #1,,,
697,7/18/2015 17:00,69.6,Long Pine #1,,,
698,7/18/2015 17:15,70.459,Long Pine #1,,,
699,7/18/2015 17:30,70.372,Long Pine #1,,,
700,7/18/2015 17:45,70.502,Long Pine #1,,,
701,7/18/2015 18:00,71.231,Long Pine #1,,,
702,7/18/2015 18:15,71.404,Long Pine #1,,,
703,7/18/2015 18:30,71.62,Long Pine #1,,,
704,7/18/2015 18:45,71.791,Long Pine #1,,,
705,7/18/2015 19:00,71.361,Long Pine #1,,,
706,7/18/2015 19:15,70.759,Long Pine #1,,,
707,7/18/2015 19:30,70.115,Long Pine #1,,,
708,7/18/2015 19:45,69.256,Long Pine #1,,,
709,7/18/2015 20:00,68.657,Long Pine #1,,,
710,7/18/2015 20:15,68.056,Long Pine #1,,,
711,7/18/2015 20:30,67.5,Long Pine #1,,,
712,7/18/2015 20:45,67.242,Long Pine #1,,,
713,7/18/2015 21:00,67.028,Long Pine #1,,,
714,7/18/2015 21:15,66.686,Long Pine #1,,,
715,7/18/2015 21:30,66.214,Long Pine #1,,,
716,7/18/2015 21:45,65.658,Long Pine #1,,,
717,7/18/2015 22:00,65.359,Long Pine #1,,,
718,7/18/2015 22:15,65.403,Long Pine #1,,,
719,7/18/2015 22:30,66,Long Pine #1,,,
720,7/18/2015 22:45,67.071,Long Pine #1,,,
721,7/18/2015 23:00,67.885,Long Pine #1,,,
722,7/18/2015 23:15,69.6,Long Pine #1,,,
723,7/18/2015 23:30,70.887,Long Pine #1,,,
724,7/18/2015 23:45,71.231,Long Pine #1,,,
725,7/19/2015 0:00,72.394,Long Pine #1,,,
726,7/19/2015 0:15,73.256,Long Pine #1,,,
727,7/19/2015 0:30,73.083,Long Pine #1,,,
728,7/19/2015 0:45,73.04,Long Pine #1,,,
729,7/19/2015 1:00,72.48,Long Pine #1,,,
730,7/19/2015 1:15,71.791,Long Pine #1,,,
731,7/19/2015 1:30,71.017,Long Pine #1,,,
732,7/19/2015 1:45,70.286,Long Pine #1,,,
733,7/19/2015 2:00,69.6,Long Pine #1,,,
734,7/19/2015 2:15,68.999,Long Pine #1,,,
735,7/19/2015 2:30,68.527,Long Pine #1,,,
736,7/19/2015 2:45,67.928,Long Pine #1,,,
737,7/19/2015 3:00,67.242,Long Pine #1,,,
738,7/19/2015 3:15,66.558,Long Pine #1,,,
739,7/19/2015 3:30,65.959,Long Pine #1,,,
740,7/19/2015 3:45,65.53,Long Pine #1,,,
741,7/19/2015 4:00,65.23,Long Pine #1,,,
742,7/19/2015 4:15,65.145,Long Pine #1,,,
743,7/19/2015 4:30,65.487,Long Pine #1,,,
744,7/19/2015 4:45,66.385,Long Pine #1,,,
745,7/19/2015 5:00,67.671,Long Pine #1,,,
746,7/19/2015 5:15,69.213,Long Pine #1,,,
747,7/19/2015 5:30,70.587,Long Pine #1,,,
748,7/19/2015 5:45,72.05,Long Pine #1,,,
749,7/19/2015 6:00,73.17,Long Pine #1,,,
750,7/19/2015 6:15,73.904,Long Pine #1,,,
751,7/19/2015 6:30,73.386,Long Pine #1,,,
752,7/19/2015 6:45,73.515,Long Pine #1,,,
753,7/19/2015 7:00,72.826,Long Pine #1,,,
754,7/19/2015 7:15,71.791,Long Pine #1,,,
755,7/19/2015 7:30,70.63,Long Pine #1,,,
756,7/19/2015 7:45,69.514,Long Pine #1,,,
757,7/19/2015 8:00,68.871,Long Pine #1,,,
758,7/19/2015 8:15,68.099,Long Pine #1,,,
759,7/19/2015 8:30,67.329,Long Pine #1,,,
760,7/19/2015 8:45,66.515,Long Pine #1,,,
761,7/19/2015 9:00,65.701,Long Pine #1,,,
762,7/19/2015 9:15,64.888,Long Pine #1,,,
763,7/19/2015 9:30,64.161,Long Pine #1,,,
764,7/19/2015 9:45,63.475,Long Pine #1,,,
765,7/19/2015 10:00,62.962,Long Pine #1,,,
766,7/19/2015 10:15,62.875,Long Pine #1,,,
767,7/19/2015 10:30,63.518,Long Pine #1,,,
768,7/19/2015 10:45,64.845,Long Pine #1,,,
769,7/19/2015 11:00,66.472,Long Pine #1,,,
770,7/19/2015 11:15,67.885,Long Pine #1,,,
771,7/19/2015 11:30,69.471,Long Pine #1,,,
772,7/19/2015 11:45,70.716,Long Pine #1,,,
773,7/19/2015 12:00,71.791,Long Pine #1,,,
774,7/19/2015 12:15,72.567,Long Pine #1,,,
775,7/19/2015 12:30,72.178,Long Pine #1,,,
776,7/19/2015 12:45,72.221,Long Pine #1,,,
777,7/19/2015 13:00,71.62,Long Pine #1,,,
778,7/19/2015 13:15,71.017,Long Pine #1,,,
779,7/19/2015 13:30,70.459,Long Pine #1,,,
780,7/19/2015 13:45,69.685,Long Pine #1,,,
781,7/19/2015 14:00,69.042,Long Pine #1,,,
782,7/19/2015 14:15,68.443,Long Pine #1,,,
783,7/19/2015 14:30,67.928,Long Pine #1,,,
784,7/19/2015 14:45,67.329,Long Pine #1,,,
785,7/19/2015 15:00,66.686,Long Pine #1,,,
786,7/19/2015 15:15,66.043,Long Pine #1,,,
787,7/19/2015 15:30,65.444,Long Pine #1,,,
788,7/19/2015 15:45,64.803,Long Pine #1,,,
789,7/19/2015 16:00,64.375,Long Pine #1,,,
790,7/19/2015 16:15,64.332,Long Pine #1,,,
791,7/19/2015 16:30,64.931,Long Pine #1,,,
792,7/19/2015 16:45,66.214,Long Pine #1,,,
793,7/19/2015 17:00,67.928,Long Pine #1,,,
794,7/19/2015 17:15,69.858,Long Pine #1,,,
795,7/19/2015 17:30,71.748,Long Pine #1,,,
796,7/19/2015 17:45,73.342,Long Pine #1,,,
797,7/19/2015 18:00,74.727,Long Pine #1,,,
798,7/19/2015 18:15,75.594,Long Pine #1,,,
799,7/19/2015 18:30,75.985,Long Pine #1,,,
800,7/19/2015 18:45,75.853,Long Pine #1,,,
801,7/19/2015 19:00,75.204,Long Pine #1,,,
802,7/19/2015 19:15,74.338,Long Pine #1,,,
803,7/19/2015 19:30,73.342,Long Pine #1,,,
804,7/19/2015 19:45,72.523,Long Pine #1,,,
805,7/19/2015 20:00,71.964,Long Pine #1,,,
806,7/19/2015 20:15,71.447,Long Pine #1,,,
807,7/19/2015 20:30,70.887,Long Pine #1,,,
808,7/19/2015 20:45,70.329,Long Pine #1,,,
809,7/19/2015 21:00,69.685,Long Pine #1,,,
810,7/19/2015 21:15,68.999,Long Pine #1,,,
811,7/19/2015 21:30,68.313,Long Pine #1,,,
812,7/19/2015 21:45,67.627,Long Pine #1,,,
813,7/19/2015 22:00,67.158,Long Pine #1,,,
814,7/19/2015 22:15,67.158,Long Pine #1,,,
815,7/19/2015 22:30,67.671,Long Pine #1,,,
816,7/19/2015 22:45,68.871,Long Pine #1,,,
817,7/19/2015 23:00,70.372,Long Pine #1,,,
818,7/19/2015 23:15,72.007,Long Pine #1,,,
819,7/19/2015 23:30,73.558,Long Pine #1,,,
820,7/19/2015 23:45,74.554,Long Pine #1,,,
821,7/20/2015 0:00,74.511,Long Pine #1,,,
822,7/20/2015 0:15,73.99,Long Pine #1,,,
823,7/20/2015 0:30,73.774,Long Pine #1,,,
824,7/20/2015 0:45,73.386,Long Pine #1,,,
825,7/20/2015 1:00,72.912,Long Pine #1,,,
826,7/20/2015 1:15,72.437,Long Pine #1,,,
827,7/20/2015 1:30,71.877,Long Pine #1,,,
828,7/20/2015 1:45,71.317,Long Pine #1,,,
829,7/20/2015 2:00,70.716,Long Pine #1,,,
830,7/20/2015 2:15,69.901,Long Pine #1,,,
831,7/20/2015 2:30,69.129,Long Pine #1,,,
832,7/20/2015 2:45,68.356,Long Pine #1,,,
833,7/20/2015 3:00,67.586,Long Pine #1,,,
834,7/20/2015 3:15,67.028,Long Pine #1,,,
835,7/20/2015 3:30,66.472,Long Pine #1,,,
836,7/20/2015 3:45,65.872,Long Pine #1,,,
837,7/20/2015 4:00,65.444,Long Pine #1,,,
838,7/20/2015 4:15,65.359,Long Pine #1,,,
839,7/20/2015 4:30,65.916,Long Pine #1,,,
840,7/20/2015 4:45,67.071,Long Pine #1,,,
841,7/20/2015 5:00,68.657,Long Pine #1,,,
842,7/20/2015 5:15,70.416,Long Pine #1,,,
843,7/20/2015 5:30,72.093,Long Pine #1,,,
844,7/20/2015 5:45,73.602,Long Pine #1,,,
845,7/20/2015 6:00,74.899,Long Pine #1,,,
846,7/20/2015 6:15,75.767,Long Pine #1,,,
847,7/20/2015 6:30,76.158,Long Pine #1,,,
848,7/20/2015 6:45,76.028,Long Pine #1,,,
849,7/20/2015 7:00,75.463,Long Pine #1,,,
850,7/20/2015 7:15,74.683,Long Pine #1,,,
851,7/20/2015 7:30,73.818,Long Pine #1,,,
852,7/20/2015 7:45,73.126,Long Pine #1,,,
853,7/20/2015 8:00,72.61,Long Pine #1,,,
854,7/20/2015 8:15,72.093,Long Pine #1,,,
855,7/20/2015 8:30,71.577,Long Pine #1,,,
856,7/20/2015 8:45,71.017,Long Pine #1,,,
857,7/20/2015 9:00,70.372,Long Pine #1,,,
858,7/20/2015 9:15,69.685,Long Pine #1,,,
859,7/20/2015 9:30,69.129,Long Pine #1,,,
860,7/20/2015 9:45,68.698,Long Pine #1,,,
861,7/20/2015 10:00,68.443,Long Pine #1,,,
862,7/20/2015 10:15,68.484,Long Pine #1,,,
863,7/20/2015 10:30,69.129,Long Pine #1,,,
864,7/20/2015 10:45,70.286,Long Pine #1,,,
865,7/20/2015 11:00,71.748,Long Pine #1,,,
866,7/20/2015 11:15,73.299,Long Pine #1,,,
867,7/20/2015 11:30,74.813,Long Pine #1,,,
868,7/20/2015 11:45,76.203,Long Pine #1,,,
869,7/20/2015 12:00,77.378,Long Pine #1,,,
870,7/20/2015 12:15,78.208,Long Pine #1,,,
871,7/20/2015 12:30,78.559,Long Pine #1,,,
872,7/20/2015 12:45,78.339,Long Pine #1,,,
873,7/20/2015 13:00,77.684,Long Pine #1,,,
874,7/20/2015 13:15,76.768,Long Pine #1,,,
875,7/20/2015 13:30,75.985,Long Pine #1,,,
876,7/20/2015 13:45,75.333,Long Pine #1,,,
877,7/20/2015 14:00,74.899,Long Pine #1,,,
878,7/20/2015 14:15,74.467,Long Pine #1,,,
879,7/20/2015 14:30,74.034,Long Pine #1,,,
880,7/20/2015 14:45,73.472,Long Pine #1,,,
881,7/20/2015 15:00,72.826,Long Pine #1,,,
882,7/20/2015 15:15,72.136,Long Pine #1,,,
883,7/20/2015 15:30,71.404,Long Pine #1,,,
884,7/20/2015 15:45,70.759,Long Pine #1,,,
885,7/20/2015 16:00,70.329,Long Pine #1,,,
886,7/20/2015 16:15,70.072,Long Pine #1,,,
887,7/20/2015 16:30,70.201,Long Pine #1,,,
888,7/20/2015 16:45,70.543,Long Pine #1,,,
889,7/20/2015 17:00,70.543,Long Pine #1,,,
890,7/20/2015 17:15,70.243,Long Pine #1,,,
891,7/20/2015 17:30,70.072,Long Pine #1,,,
892,7/20/2015 17:45,69.557,Long Pine #1,,,
893,7/20/2015 18:00,69.3,Long Pine #1,,,
894,7/20/2015 18:15,68.999,Long Pine #1,,,
895,7/20/2015 18:30,68.742,Long Pine #1,,,
896,7/20/2015 18:45,68.4,Long Pine #1,,,
897,7/20/2015 19:00,68.056,Long Pine #1,,,
898,7/20/2015 19:15,67.586,Long Pine #1,,,
899,7/20/2015 19:30,67.114,Long Pine #1,,,
900,7/20/2015 19:45,66.729,Long Pine #1,,,
901,7/20/2015 20:00,66.344,Long Pine #1,,,
902,7/20/2015 20:15,66,Long Pine #1,,,
903,7/20/2015 20:30,65.574,Long Pine #1,,,
904,7/20/2015 20:45,65.273,Long Pine #1,,,
905,7/20/2015 21:00,64.931,Long Pine #1,,,
906,7/20/2015 21:15,64.589,Long Pine #1,,,
907,7/20/2015 21:30,64.247,Long Pine #1,,,
908,7/20/2015 21:45,63.903,Long Pine #1,,,
909,7/20/2015 22:00,63.648,Long Pine #1,,,
910,7/20/2015 22:15,63.39,Long Pine #1,,,
911,7/20/2015 22:30,63.304,Long Pine #1,,,
912,7/20/2015 22:45,63.39,Long Pine #1,,,
913,7/20/2015 23:00,63.475,Long Pine #1,,,
914,7/20/2015 23:15,63.604,Long Pine #1,,,
915,7/20/2015 23:30,64.247,Long Pine #1,,,
916,7/20/2015 23:45,65.403,Long Pine #1,,,
917,7/21/2015 0:00,66.301,Long Pine #1,,,
918,7/21/2015 0:15,66.729,Long Pine #1,,,
919,7/21/2015 0:30,66.643,Long Pine #1,,,
920,7/21/2015 0:45,66.558,Long Pine #1,,,
921,7/21/2015 1:00,66.13,Long Pine #1,,,
922,7/21/2015 1:15,65.615,Long Pine #1,,,
923,7/21/2015 1:30,65.316,Long Pine #1,,,
924,7/21/2015 1:45,65.017,Long Pine #1,,,
925,7/21/2015 2:00,64.845,Long Pine #1,,,
926,7/21/2015 2:15,64.632,Long Pine #1,,,
927,7/21/2015 2:30,64.332,Long Pine #1,,,
928,7/21/2015 2:45,64.033,Long Pine #1,,,
929,7/21/2015 3:00,63.475,Long Pine #1,,,
930,7/21/2015 3:15,62.791,Long Pine #1,,,
931,7/21/2015 3:30,62.533,Long Pine #1,,,
932,7/21/2015 3:45,62.319,Long Pine #1,,,
933,7/21/2015 4:00,62.148,Long Pine #1,,,
934,7/21/2015 4:15,61.934,Long Pine #1,,,
935,7/21/2015 4:30,62.105,Long Pine #1,,,
936,7/21/2015 4:45,62.319,Long Pine #1,,,
937,7/21/2015 5:00,62.362,Long Pine #1,,,
938,7/21/2015 5:15,62.276,Long Pine #1,,,
939,7/21/2015 5:30,62.406,Long Pine #1,,,
940,7/21/2015 5:45,62.276,Long Pine #1,,,
941,7/21/2015 6:00,62.362,Long Pine #1,,,
942,7/21/2015 6:15,62.533,Long Pine #1,,,
943,7/21/2015 6:30,62.533,Long Pine #1,,,
944,7/21/2015 6:45,62.447,Long Pine #1,,,
945,7/21/2015 7:00,62.191,Long Pine #1,,,
946,7/21/2015 7:15,61.891,Long Pine #1,,,
947,7/21/2015 7:30,61.633,Long Pine #1,,,
948,7/21/2015 7:45,61.419,Long Pine #1,,,
949,7/21/2015 8:00,61.119,Long Pine #1,,,
950,7/21/2015 8:15,60.775,Long Pine #1,,,
951,7/21/2015 8:30,60.346,Long Pine #1,,,
952,7/21/2015 8:45,59.83,Long Pine #1,,,
953,7/21/2015 9:00,59.272,Long Pine #1,,,
954,7/21/2015 9:15,58.798,Long Pine #1,,,
955,7/21/2015 9:30,58.411,Long Pine #1,,,
956,7/21/2015 9:45,58.066,Long Pine #1,,,
957,7/21/2015 10:00,57.807,Long Pine #1,,,
958,7/21/2015 10:15,57.807,Long Pine #1,,,
959,7/21/2015 10:30,58.325,Long Pine #1,,,
960,7/21/2015 10:45,59.272,Long Pine #1,,,
961,7/21/2015 11:00,60.561,Long Pine #1,,,
962,7/21/2015 11:15,61.934,Long Pine #1,,,
963,7/21/2015 11:30,62.919,Long Pine #1,,,
964,7/21/2015 11:45,63.862,Long Pine #1,,,
965,7/21/2015 12:00,64.589,Long Pine #1,,,
966,7/21/2015 12:15,65.017,Long Pine #1,,,
967,7/21/2015 12:30,65.145,Long Pine #1,,,
968,7/21/2015 12:45,65.145,Long Pine #1,,,
969,7/21/2015 13:00,64.674,Long Pine #1,,,
970,7/21/2015 13:15,63.862,Long Pine #1,,,
971,7/21/2015 13:30,62.875,Long Pine #1,,,
972,7/21/2015 13:45,62.362,Long Pine #1,,,
973,7/21/2015 14:00,61.848,Long Pine #1,,,
974,7/21/2015 14:15,61.248,Long Pine #1,,,
975,7/21/2015 14:30,60.604,Long Pine #1,,,
976,7/21/2015 14:45,60.003,Long Pine #1,,,
977,7/21/2015 15:00,59.315,Long Pine #1,,,
978,7/21/2015 15:15,58.669,Long Pine #1,,,
979,7/21/2015 15:30,58.152,Long Pine #1,,,
980,7/21/2015 15:45,57.636,Long Pine #1,,,
981,7/21/2015 16:00,57.247,Long Pine #1,,,
982,7/21/2015 16:15,57.29,Long Pine #1,,,
983,7/21/2015 16:30,57.979,Long Pine #1,,,
984,7/21/2015 16:45,59.315,Long Pine #1,,,
985,7/21/2015 17:00,60.991,Long Pine #1,,,
986,7/21/2015 17:15,62.791,Long Pine #1,,,
987,7/21/2015 17:30,64.546,Long Pine #1,,,
988,7/21/2015 17:45,66.173,Long Pine #1,,,
989,7/21/2015 18:00,67.456,Long Pine #1,,,
990,7/21/2015 18:15,68.443,Long Pine #1,,,
991,7/21/2015 18:30,69.256,Long Pine #1,,,
992,7/21/2015 18:45,69.514,Long Pine #1,,,
993,7/21/2015 19:00,69.085,Long Pine #1,,,
994,7/21/2015 19:15,68.4,Long Pine #1,,,
995,7/21/2015 19:30,67.671,Long Pine #1,,,
996,7/21/2015 19:45,67.158,Long Pine #1,,,
997,7/21/2015 20:00,66.729,Long Pine #1,,,
998,7/21/2015 20:15,66.214,Long Pine #1,,,
999,7/21/2015 20:30,65.574,Long Pine #1,,,
1000,7/21/2015 20:45,64.931,Long Pine #1,,,
1001,7/21/2015 21:00,64.204,Long Pine #1,,,
1002,7/21/2015 21:15,63.518,Long Pine #1,,,
1003,7/21/2015 21:30,62.834,Long Pine #1,,,
1004,7/21/2015 21:45,62.191,Long Pine #1,,,
1005,7/21/2015 22:00,61.677,Long Pine #1,,,
1006,7/21/2015 22:15,61.462,Long Pine #1,,,
1007,7/21/2015 22:30,61.848,Long Pine #1,,,
1008,7/21/2015 22:45,62.748,Long Pine #1,,,
1009,7/21/2015 23:00,64.117,Long Pine #1,,,
1010,7/21/2015 23:15,65.829,Long Pine #1,,,
1011,7/21/2015 23:30,67.413,Long Pine #1,,,
1012,7/21/2015 23:45,68.956,Long Pine #1,,,
1013,7/22/2015 0:00,70.115,Long Pine #1,,,
1014,7/22/2015 0:15,70.974,Long Pine #1,,,
1015,7/22/2015 0:30,71.404,Long Pine #1,,,
1016,7/22/2015 0:45,71.361,Long Pine #1,,,
1017,7/22/2015 1:00,71.017,Long Pine #1,,,
1018,7/22/2015 1:15,70.459,Long Pine #1,,,
1019,7/22/2015 1:30,69.901,Long Pine #1,,,
1020,7/22/2015 1:45,69.514,Long Pine #1,,,
1021,7/22/2015 2:00,69.213,Long Pine #1,,,
1022,7/22/2015 2:15,68.828,Long Pine #1,,,
1023,7/22/2015 2:30,68.4,Long Pine #1,,,
1024,7/22/2015 2:45,68.013,Long Pine #1,,,
1025,7/22/2015 3:00,67.586,Long Pine #1,,,
1026,7/22/2015 3:15,67.242,Long Pine #1,,,
1027,7/22/2015 3:30,66.9,Long Pine #1,,,
1028,7/22/2015 3:45,66.6,Long Pine #1,,,
1029,7/22/2015 4:00,66.429,Long Pine #1,,,
1030,7/22/2015 4:15,66.472,Long Pine #1,,,
1031,7/22/2015 4:30,66.814,Long Pine #1,,,
1032,7/22/2015 4:45,67.242,Long Pine #1,,,
1033,7/22/2015 5:00,67.971,Long Pine #1,,,
1034,7/22/2015 5:15,68.313,Long Pine #1,,,
1035,7/22/2015 5:30,68.913,Long Pine #1,,,
1036,7/22/2015 5:45,69.386,Long Pine #1,,,
1037,7/22/2015 6:00,69.901,Long Pine #1,,,
1038,7/22/2015 6:15,70.072,Long Pine #1,,,
1039,7/22/2015 6:30,69.728,Long Pine #1,,,
1040,7/22/2015 6:45,69.085,Long Pine #1,,,
1041,7/22/2015 7:00,68.013,Long Pine #1,,,
1042,7/22/2015 7:15,66.814,Long Pine #1,,,
1043,7/22/2015 7:30,65.658,Long Pine #1,,,
1044,7/22/2015 7:45,64.717,Long Pine #1,,,
1045,7/22/2015 8:00,63.862,Long Pine #1,,,
1046,7/22/2015 8:15,63.005,Long Pine #1,,,
1047,7/22/2015 8:30,62.191,Long Pine #1,,,
1048,7/22/2015 8:45,61.462,Long Pine #1,,,
1049,7/22/2015 9:00,60.775,Long Pine #1,,,
1050,7/22/2015 9:15,60.174,Long Pine #1,,,
1051,7/22/2015 9:30,59.659,Long Pine #1,,,
1052,7/22/2015 9:45,59.229,Long Pine #1,,,
1053,7/22/2015 10:00,58.798,Long Pine #1,,,
1054,7/22/2015 10:15,58.669,Long Pine #1,,,
1055,7/22/2015 10:30,59.014,Long Pine #1,,,
1056,7/22/2015 10:45,59.83,Long Pine #1,,,
1057,7/22/2015 11:00,61.032,Long Pine #1,,,
1058,7/22/2015 11:15,62.319,Long Pine #1,,,
1059,7/22/2015 11:30,63.689,Long Pine #1,,,
1060,7/22/2015 11:45,64.931,Long Pine #1,,,
1061,7/22/2015 12:00,66,Long Pine #1,,,
1062,7/22/2015 12:15,66.686,Long Pine #1,,,
1063,7/22/2015 12:30,66.985,Long Pine #1,,,
1064,7/22/2015 12:45,66.729,Long Pine #1,,,
1065,7/22/2015 13:00,66.043,Long Pine #1,,,
1066,7/22/2015 13:15,65.017,Long Pine #1,,,
1067,7/22/2015 13:30,63.99,Long Pine #1,,,
1068,7/22/2015 13:45,63.219,Long Pine #1,,,
1069,7/22/2015 14:00,62.49,Long Pine #1,,,
1070,7/22/2015 14:15,61.677,Long Pine #1,,,
1071,7/22/2015 14:30,60.818,Long Pine #1,,,
1072,7/22/2015 14:45,60.003,Long Pine #1,,,
1073,7/22/2015 15:00,59.229,Long Pine #1,,,
1074,7/22/2015 15:15,58.498,Long Pine #1,,,
1075,7/22/2015 15:30,57.807,Long Pine #1,,,
1076,7/22/2015 15:45,57.16,Long Pine #1,,,
1077,7/22/2015 16:00,56.642,Long Pine #1,,,
1078,7/22/2015 16:15,56.512,Long Pine #1,,,
1079,7/22/2015 16:30,57.031,Long Pine #1,,,
1080,7/22/2015 16:45,58.195,Long Pine #1,,,
1081,7/22/2015 17:00,59.702,Long Pine #1,,,
1082,7/22/2015 17:15,61.376,Long Pine #1,,,
1083,7/22/2015 17:30,62.962,Long Pine #1,,,
1084,7/22/2015 17:45,64.459,Long Pine #1,,,
1085,7/22/2015 18:00,65.745,Long Pine #1,,,
1086,7/22/2015 18:15,66.643,Long Pine #1,,,
1087,7/22/2015 18:30,67.071,Long Pine #1,,,
1088,7/22/2015 18:45,66.943,Long Pine #1,,,
1089,7/22/2015 19:00,66.385,Long Pine #1,,,
1090,7/22/2015 19:15,65.615,Long Pine #1,,,
1091,7/22/2015 19:30,64.888,Long Pine #1,,,
1092,7/22/2015 19:45,64.288,Long Pine #1,,,
1093,7/22/2015 20:00,63.732,Long Pine #1,,,
1094,7/22/2015 20:15,63.048,Long Pine #1,,,
1095,7/22/2015 20:30,62.319,Long Pine #1,,,
1096,7/22/2015 20:45,61.59,Long Pine #1,,,
1097,7/22/2015 21:00,60.904,Long Pine #1,,,
1098,7/22/2015 21:15,60.217,Long Pine #1,,,
1099,7/22/2015 21:30,59.572,Long Pine #1,,,
1100,7/22/2015 21:45,58.928,Long Pine #1,,,
1101,7/22/2015 22:00,58.455,Long Pine #1,,,
1102,7/22/2015 22:15,58.325,Long Pine #1,,,
1103,7/22/2015 22:30,58.798,Long Pine #1,,,
1104,7/22/2015 22:45,59.745,Long Pine #1,,,
1105,7/22/2015 23:00,61.075,Long Pine #1,,,
1106,7/22/2015 23:15,62.533,Long Pine #1,,,
1107,7/22/2015 23:30,64.033,Long Pine #1,,,
1108,7/22/2015 23:45,65.444,Long Pine #1,,,
1109,7/23/2015 0:00,66.686,Long Pine #1,,,
1110,7/23/2015 0:15,67.543,Long Pine #1,,,
1111,7/23/2015 0:30,67.971,Long Pine #1,,,
1112,7/23/2015 0:45,67.885,Long Pine #1,,,
1113,7/23/2015 1:00,67.456,Long Pine #1,,,
1114,7/23/2015 1:15,66.772,Long Pine #1,,,
1115,7/23/2015 1:30,66.043,Long Pine #1,,,
1116,7/23/2015 1:45,65.574,Long Pine #1,,,
1117,7/23/2015 2:00,65.102,Long Pine #1,,,
1118,7/23/2015 2:15,64.589,Long Pine #1,,,
1119,7/23/2015 2:30,63.99,Long Pine #1,,,
1120,7/23/2015 2:45,63.433,Long Pine #1,,,
1121,7/23/2015 3:00,62.875,Long Pine #1,,,
1122,7/23/2015 3:15,62.362,Long Pine #1,,,
1123,7/23/2015 3:30,61.891,Long Pine #1,,,
1124,7/23/2015 3:45,61.419,Long Pine #1,,,
1125,7/23/2015 4:00,61.119,Long Pine #1,,,
1126,7/23/2015 4:15,61.162,Long Pine #1,,,
1127,7/23/2015 4:30,61.804,Long Pine #1,,,
1128,7/23/2015 4:45,63.005,Long Pine #1,,,
1129,7/23/2015 5:00,64.674,Long Pine #1,,,
1130,7/23/2015 5:15,66.515,Long Pine #1,,,
1131,7/23/2015 5:30,68.227,Long Pine #1,,,
1132,7/23/2015 5:45,68.999,Long Pine #1,,,
1133,7/23/2015 6:00,70.029,Long Pine #1,,,
1134,7/23/2015 6:15,71.017,Long Pine #1,,,
1135,7/23/2015 6:30,71.533,Long Pine #1,,,
1136,7/23/2015 6:45,71.791,Long Pine #1,,,
1137,7/23/2015 7:00,71.661,Long Pine #1,,,
1138,7/23/2015 7:15,71.103,Long Pine #1,,,
1139,7/23/2015 7:30,70.459,Long Pine #1,,,
1140,7/23/2015 7:45,69.901,Long Pine #1,,,
1141,7/23/2015 8:00,69.6,Long Pine #1,,,
1142,7/23/2015 8:15,69.213,Long Pine #1,,,
1143,7/23/2015 8:30,68.828,Long Pine #1,,,
1144,7/23/2015 8:45,68.443,Long Pine #1,,,
1145,7/23/2015 9:00,68.056,Long Pine #1,,,
1146,7/23/2015 9:15,67.627,Long Pine #1,,,
1147,7/23/2015 9:30,67.114,Long Pine #1,,,
1148,7/23/2015 9:45,66.686,Long Pine #1,,,
1149,7/23/2015 10:00,66.344,Long Pine #1,,,
1150,7/23/2015 10:15,66.13,Long Pine #1,,,
1151,7/23/2015 10:30,66,Long Pine #1,,,
1152,7/23/2015 10:45,66.472,Long Pine #1,,,
1153,7/23/2015 11:00,67.798,Long Pine #1,,,
1154,7/23/2015 11:15,69.557,Long Pine #1,,,
1155,7/23/2015 11:30,70.372,Long Pine #1,,,
1156,7/23/2015 11:45,71.791,Long Pine #1,,,
1157,7/23/2015 12:00,72.351,Long Pine #1,,,
1158,7/23/2015 12:15,72.394,Long Pine #1,,,
1159,7/23/2015 12:30,72.437,Long Pine #1,,,
1160,7/23/2015 12:45,72.05,Long Pine #1,,,
1161,7/23/2015 13:00,71.361,Long Pine #1,,,
1162,7/23/2015 13:15,70.803,Long Pine #1,,,
1163,7/23/2015 13:30,70.372,Long Pine #1,,,
1164,7/23/2015 13:45,69.901,Long Pine #1,,,
1165,7/23/2015 14:00,69.557,Long Pine #1,,,
1166,7/23/2015 14:15,69.213,Long Pine #1,,,
1167,7/23/2015 14:30,68.742,Long Pine #1,,,
1168,7/23/2015 14:45,68.27,Long Pine #1,,,
1169,7/23/2015 15:00,67.842,Long Pine #1,,,
1170,7/23/2015 15:15,67.5,Long Pine #1,,,
1171,7/23/2015 15:30,67.158,Long Pine #1,,,
1172,7/23/2015 15:45,66.857,Long Pine #1,,,
1173,7/23/2015 16:00,66.6,Long Pine #1,,,
1174,7/23/2015 16:15,66.472,Long Pine #1,,,
1175,7/23/2015 16:30,66.385,Long Pine #1,,,
1176,7/23/2015 16:45,66.301,Long Pine #1,,,
1177,7/23/2015 17:00,66.385,Long Pine #1,,,
1178,7/23/2015 17:15,67.242,Long Pine #1,,,
1179,7/23/2015 17:30,68.056,Long Pine #1,,,
1180,7/23/2015 17:45,68.657,Long Pine #1,,,
1181,7/23/2015 18:00,69.213,Long Pine #1,,,
1182,7/23/2015 18:15,69.901,Long Pine #1,,,
1183,7/23/2015 18:30,69.901,Long Pine #1,,,
1184,7/23/2015 18:45,69.685,Long Pine #1,,,
1185,7/23/2015 19:00,69.042,Long Pine #1,,,
1186,7/23/2015 19:15,68.313,Long Pine #1,,,
1187,7/23/2015 19:30,67.714,Long Pine #1,,,
1188,7/23/2015 19:45,67.158,Long Pine #1,,,
1189,7/23/2015 20:00,66.558,Long Pine #1,,,
1190,7/23/2015 20:15,65.872,Long Pine #1,,,
1191,7/23/2015 20:30,65.188,Long Pine #1,,,
1192,7/23/2015 20:45,64.546,Long Pine #1,,,
1193,7/23/2015 21:00,63.862,Long Pine #1,,,
1194,7/23/2015 21:15,63.219,Long Pine #1,,,
1195,7/23/2015 21:30,62.62,Long Pine #1,,,
1196,7/23/2015 21:45,62.062,Long Pine #1,,,
1197,7/23/2015 22:00,61.677,Long Pine #1,,,
1198,7/23/2015 22:15,61.59,Long Pine #1,,,
1199,7/23/2015 22:30,61.891,Long Pine #1,,,
1200,7/23/2015 22:45,62.533,Long Pine #1,,,
1201,7/23/2015 23:00,63.648,Long Pine #1,,,
1202,7/23/2015 23:15,65.017,Long Pine #1,,,
1203,7/23/2015 23:30,66.515,Long Pine #1,,,
1204,7/23/2015 23:45,67.842,Long Pine #1,,,
1205,7/24/2015 0:00,68.913,Long Pine #1,,,
1206,7/24/2015 0:15,69.6,Long Pine #1,,,
1207,7/24/2015 0:30,69.901,Long Pine #1,,,
1208,7/24/2015 0:45,69.814,Long Pine #1,,,
1209,7/24/2015 1:00,69.343,Long Pine #1,,,
1210,7/24/2015 1:15,68.657,Long Pine #1,,,
1211,7/24/2015 1:30,68.013,Long Pine #1,,,
1212,7/24/2015 1:45,67.543,Long Pine #1,,,
1213,7/24/2015 2:00,67.158,Long Pine #1,,,
1214,7/24/2015 2:15,66.729,Long Pine #1,,,
1215,7/24/2015 2:30,66.301,Long Pine #1,,,
1216,7/24/2015 2:45,65.959,Long Pine #1,,,
1217,7/24/2015 3:00,65.487,Long Pine #1,,,
1218,7/24/2015 3:15,65.017,Long Pine #1,,,
1219,7/24/2015 3:30,64.589,Long Pine #1,,,
1220,7/24/2015 3:45,64.204,Long Pine #1,,,
1221,7/24/2015 4:00,63.862,Long Pine #1,,,
1222,7/24/2015 4:15,63.862,Long Pine #1,,,
1223,7/24/2015 4:30,64.161,Long Pine #1,,,
1224,7/24/2015 4:45,64.931,Long Pine #1,,,
1225,7/24/2015 5:00,66.13,Long Pine #1,,,
1226,7/24/2015 5:15,67.413,Long Pine #1,,,
1227,7/24/2015 5:30,68.698,Long Pine #1,,,
1228,7/24/2015 5:45,69.814,Long Pine #1,,,
1229,7/24/2015 6:00,70.63,Long Pine #1,,,
1230,7/24/2015 6:15,71.017,Long Pine #1,,,
1231,7/24/2015 6:30,71.103,Long Pine #1,,,
1232,7/24/2015 6:45,70.846,Long Pine #1,,,
1233,7/24/2015 7:00,70.329,Long Pine #1,,,
1234,7/24/2015 7:15,69.557,Long Pine #1,,,
1235,7/24/2015 7:30,68.913,Long Pine #1,,,
1236,7/24/2015 7:45,68.443,Long Pine #1,,,
1237,7/24/2015 8:00,67.971,Long Pine #1,,,
1238,7/24/2015 8:15,67.456,Long Pine #1,,,
1239,7/24/2015 8:30,66.9,Long Pine #1,,,
1240,7/24/2015 8:45,66.429,Long Pine #1,,,
1241,7/24/2015 9:00,65.959,Long Pine #1,,,
1242,7/24/2015 9:15,65.53,Long Pine #1,,,
1243,7/24/2015 9:30,65.102,Long Pine #1,,,
1244,7/24/2015 9:45,64.674,Long Pine #1,,,
1245,7/24/2015 10:00,64.288,Long Pine #1,,,
1246,7/24/2015 10:15,64.204,Long Pine #1,,,
1247,7/24/2015 10:30,64.503,Long Pine #1,,,
1248,7/24/2015 10:45,65.444,Long Pine #1,,,
1249,7/24/2015 11:00,66.814,Long Pine #1,,,
1250,7/24/2015 11:15,68.313,Long Pine #1,,,
1251,7/24/2015 11:30,69.771,Long Pine #1,,,
1252,7/24/2015 11:45,71.06,Long Pine #1,,,
1253,7/24/2015 12:00,71.661,Long Pine #1,,,
1254,7/24/2015 12:15,71.964,Long Pine #1,,,
1255,7/24/2015 12:30,72.136,Long Pine #1,,,
1256,7/24/2015 12:45,71.877,Long Pine #1,,,
1257,7/24/2015 13:00,71.317,Long Pine #1,,,
1258,7/24/2015 13:15,70.673,Long Pine #1,,,
1259,7/24/2015 13:30,70.243,Long Pine #1,,,
1260,7/24/2015 13:45,69.942,Long Pine #1,,,
1261,7/24/2015 14:00,69.471,Long Pine #1,,,
1262,7/24/2015 14:15,68.828,Long Pine #1,,,
1263,7/24/2015 14:30,68.27,Long Pine #1,,,
1264,7/24/2015 14:45,67.757,Long Pine #1,,,
1265,7/24/2015 15:00,67.242,Long Pine #1,,,
1266,7/24/2015 15:15,66.814,Long Pine #1,,,
1267,7/24/2015 15:30,66.385,Long Pine #1,,,
1268,7/24/2015 15:45,66.043,Long Pine #1,,,
1269,7/24/2015 16:00,65.745,Long Pine #1,,,
1270,7/24/2015 16:15,65.53,Long Pine #1,,,
1271,7/24/2015 16:30,65.615,Long Pine #1,,,
1272,7/24/2015 16:45,65.788,Long Pine #1,,,
1273,7/24/2015 17:00,65.959,Long Pine #1,,,
1274,7/24/2015 17:15,66.214,Long Pine #1,,,
1275,7/24/2015 17:30,67.842,Long Pine #1,,,
1276,7/24/2015 17:45,69.643,Long Pine #1,,,
1277,7/24/2015 18:00,70.974,Long Pine #1,,,
1278,7/24/2015 18:15,71.704,Long Pine #1,,,
1279,7/24/2015 18:30,72.093,Long Pine #1,,,
1280,7/24/2015 18:45,71.704,Long Pine #1,,,
1281,7/24/2015 19:00,70.974,Long Pine #1,,,
1282,7/24/2015 19:15,70.029,Long Pine #1,,,
1283,7/24/2015 19:30,69.129,Long Pine #1,,,
1284,7/24/2015 19:45,68.527,Long Pine #1,,,
1285,7/24/2015 20:00,68.099,Long Pine #1,,,
1286,7/24/2015 20:15,67.586,Long Pine #1,,,
1287,7/24/2015 20:30,67.028,Long Pine #1,,,
1288,7/24/2015 20:45,66.472,Long Pine #1,,,
1289,7/24/2015 21:00,65.829,Long Pine #1,,,
1290,7/24/2015 21:15,65.188,Long Pine #1,,,
1291,7/24/2015 21:30,64.632,Long Pine #1,,,
1292,7/24/2015 21:45,64.074,Long Pine #1,,,
1293,7/24/2015 22:00,63.648,Long Pine #1,,,
1294,7/24/2015 22:15,63.561,Long Pine #1,,,
1295,7/24/2015 22:30,64.033,Long Pine #1,,,
1296,7/24/2015 22:45,64.845,Long Pine #1,,,
1297,7/24/2015 23:00,66.472,Long Pine #1,,,
1298,7/24/2015 23:15,68.185,Long Pine #1,,,
1299,7/24/2015 23:30,69.858,Long Pine #1,,,
1300,7/24/2015 23:45,71.317,Long Pine #1,,,
1301,7/25/2015 0:00,72.48,Long Pine #1,,,
1302,7/25/2015 0:15,73.213,Long Pine #1,,,
1303,7/25/2015 0:30,73.515,Long Pine #1,,,
1304,7/25/2015 0:45,73.213,Long Pine #1,,,
1305,7/25/2015 1:00,72.61,Long Pine #1,,,
1306,7/25/2015 1:15,71.748,Long Pine #1,,,
1307,7/25/2015 1:30,70.93,Long Pine #1,,,
1308,7/25/2015 1:45,70.416,Long Pine #1,,,
1309,7/25/2015 2:00,69.985,Long Pine #1,,,
1310,7/25/2015 2:15,69.427,Long Pine #1,,,
1311,7/25/2015 2:30,68.828,Long Pine #1,,,
1312,7/25/2015 2:45,68.185,Long Pine #1,,,
1313,7/25/2015 3:00,67.543,Long Pine #1,,,
1314,7/25/2015 3:15,66.9,Long Pine #1,,,
1315,7/25/2015 3:30,66.301,Long Pine #1,,,
1316,7/25/2015 3:45,65.745,Long Pine #1,,,
1317,7/25/2015 4:00,65.23,Long Pine #1,,,
1318,7/25/2015 4:15,65.017,Long Pine #1,,,
1319,7/25/2015 4:30,65.403,Long Pine #1,,,
1320,7/25/2015 4:45,66.385,Long Pine #1,,,
1321,7/25/2015 5:00,67.798,Long Pine #1,,,
1322,7/25/2015 5:15,69.386,Long Pine #1,,,
1323,7/25/2015 5:30,70.974,Long Pine #1,,,
1324,7/25/2015 5:45,72.351,Long Pine #1,,,
1325,7/25/2015 6:00,72.739,Long Pine #1,,,
1326,7/25/2015 6:15,72.783,Long Pine #1,,,
1327,7/25/2015 6:30,72.739,Long Pine #1,,,
1328,7/25/2015 6:45,72.523,Long Pine #1,,,
1329,7/25/2015 7:00,72.007,Long Pine #1,,,
1330,7/25/2015 7:15,71.577,Long Pine #1,,,
1331,7/25/2015 7:30,71.103,Long Pine #1,,,
1332,7/25/2015 7:45,70.673,Long Pine #1,,,
1333,7/25/2015 8:00,70.243,Long Pine #1,,,
1334,7/25/2015 8:15,69.685,Long Pine #1,,,
1335,7/25/2015 8:30,69.17,Long Pine #1,,,
1336,7/25/2015 8:45,68.698,Long Pine #1,,,
1337,7/25/2015 9:00,68.27,Long Pine #1,,,
1338,7/25/2015 9:15,67.885,Long Pine #1,,,
1339,7/25/2015 9:30,67.5,Long Pine #1,,,
1340,7/25/2015 9:45,67.071,Long Pine #1,,,
1341,7/25/2015 10:00,66.729,Long Pine #1,,,
1342,7/25/2015 10:15,66.515,Long Pine #1,,,
1343,7/25/2015 10:30,66.814,Long Pine #1,,,
1344,7/25/2015 10:45,67.586,Long Pine #1,,,
1345,7/25/2015 11:00,68.913,Long Pine #1,,,
1346,7/25/2015 11:15,70.416,Long Pine #1,,,
1347,7/25/2015 11:30,71.964,Long Pine #1,,,
1348,7/25/2015 11:45,73.256,Long Pine #1,,,
1349,7/25/2015 12:00,74.25,Long Pine #1,,,
1350,7/25/2015 12:15,74.899,Long Pine #1,,,
1351,7/25/2015 12:30,74.943,Long Pine #1,,,
1352,7/25/2015 12:45,74.554,Long Pine #1,,,
1353,7/25/2015 13:00,73.947,Long Pine #1,,,
1354,7/25/2015 13:15,73.04,Long Pine #1,,,
1355,7/25/2015 13:30,72.136,Long Pine #1,,,
1356,7/25/2015 13:45,71.62,Long Pine #1,,,
1357,7/25/2015 14:00,71.231,Long Pine #1,,,
1358,7/25/2015 14:15,70.716,Long Pine #1,,,
1359,7/25/2015 14:30,70.115,Long Pine #1,,,
1360,7/25/2015 14:45,69.514,Long Pine #1,,,
1361,7/25/2015 15:00,68.913,Long Pine #1,,,
1362,7/25/2015 15:15,68.4,Long Pine #1,,,
1363,7/25/2015 15:30,67.885,Long Pine #1,,,
1364,7/25/2015 15:45,67.413,Long Pine #1,,,
1365,7/25/2015 16:00,67.071,Long Pine #1,,,
1366,7/25/2015 16:15,66.985,Long Pine #1,,,
1367,7/25/2015 16:30,67.114,Long Pine #1,,,
1368,7/25/2015 16:45,67.158,Long Pine #1,,,
1369,7/25/2015 17:00,67.413,Long Pine #1,,,
1370,7/25/2015 17:15,67.671,Long Pine #1,,,
1371,7/25/2015 17:30,67.842,Long Pine #1,,,
1372,7/25/2015 17:45,68.185,Long Pine #1,,,
1373,7/25/2015 18:00,69.256,Long Pine #1,,,
1374,7/25/2015 18:15,70.072,Long Pine #1,,,
1375,7/25/2015 18:30,70.587,Long Pine #1,,,
1376,7/25/2015 18:45,70.543,Long Pine #1,,,
1377,7/25/2015 19:00,70.072,Long Pine #1,,,
1378,7/25/2015 19:15,69.386,Long Pine #1,,,
1379,7/25/2015 19:30,68.657,Long Pine #1,,,
1380,7/25/2015 19:45,68.27,Long Pine #1,,,
1381,7/25/2015 20:00,68.142,Long Pine #1,,,
1382,7/25/2015 20:15,67.798,Long Pine #1,,,
1383,7/25/2015 20:30,67.242,Long Pine #1,,,
1384,7/25/2015 20:45,66.643,Long Pine #1,,,
1385,7/25/2015 21:00,66.043,Long Pine #1,,,
1386,7/25/2015 21:15,65.574,Long Pine #1,,,
1387,7/25/2015 21:30,65.017,Long Pine #1,,,
1388,7/25/2015 21:45,64.589,Long Pine #1,,,
1389,7/25/2015 22:00,64.247,Long Pine #1,,,
1390,7/25/2015 22:15,64.161,Long Pine #1,,,
1391,7/25/2015 22:30,64.288,Long Pine #1,,,
1392,7/25/2015 22:45,64.717,Long Pine #1,,,
1393,7/25/2015 23:00,65.829,Long Pine #1,,,
1394,7/25/2015 23:15,67.158,Long Pine #1,,,
1395,7/25/2015 23:30,68.527,Long Pine #1,,,
1396,7/25/2015 23:45,69.256,Long Pine #1,,,
1397,7/26/2015 0:00,69.901,Long Pine #1,,,
1398,7/26/2015 0:15,70.416,Long Pine #1,,,
1399,7/26/2015 0:30,70.543,Long Pine #1,,,
1400,7/26/2015 0:45,70.158,Long Pine #1,,,
1401,7/26/2015 1:00,69.386,Long Pine #1,,,
1402,7/26/2015 1:15,68.356,Long Pine #1,,,
1403,7/26/2015 1:30,67.413,Long Pine #1,,,
1404,7/26/2015 1:45,66.814,Long Pine #1,,,
1405,7/26/2015 2:00,66.214,Long Pine #1,,,
1406,7/26/2015 2:15,65.574,Long Pine #1,,,
1407,7/26/2015 2:30,64.803,Long Pine #1,,,
1408,7/26/2015 2:45,64.074,Long Pine #1,,,
1409,7/26/2015 3:00,63.347,Long Pine #1,,,
1410,7/26/2015 3:15,62.748,Long Pine #1,,,
1411,7/26/2015 3:30,62.233,Long Pine #1,,,
1412,7/26/2015 3:45,61.934,Long Pine #1,,,
1413,7/26/2015 4:00,61.72,Long Pine #1,,,
1414,7/26/2015 4:15,61.72,Long Pine #1,,,
1415,7/26/2015 4:30,62.148,Long Pine #1,,,
1416,7/26/2015 4:45,62.962,Long Pine #1,,,
1417,7/26/2015 5:00,63.946,Long Pine #1,,,
1418,7/26/2015 5:15,64.888,Long Pine #1,,,
1419,7/26/2015 5:30,66.087,Long Pine #1,,,
1420,7/26/2015 5:45,67.199,Long Pine #1,,,
1421,7/26/2015 6:00,68.013,Long Pine #1,,,
1422,7/26/2015 6:15,68.742,Long Pine #1,,,
1423,7/26/2015 6:30,68.956,Long Pine #1,,,
1424,7/26/2015 6:45,68.828,Long Pine #1,,,
1425,7/26/2015 7:00,68.185,Long Pine #1,,,
1426,7/26/2015 7:15,67.714,Long Pine #1,,,
1427,7/26/2015 7:30,67.199,Long Pine #1,,,
1428,7/26/2015 7:45,66.9,Long Pine #1,,,
1429,7/26/2015 8:00,66.643,Long Pine #1,,,
1430,7/26/2015 8:15,66.301,Long Pine #1,,,
1431,7/26/2015 8:30,65.829,Long Pine #1,,,
1432,7/26/2015 8:45,65.403,Long Pine #1,,,
1433,7/26/2015 9:00,65.102,Long Pine #1,,,
1434,7/26/2015 9:15,64.674,Long Pine #1,,,
1435,7/26/2015 9:30,64.117,Long Pine #1,,,
1436,7/26/2015 9:45,63.732,Long Pine #1,,,
1437,7/26/2015 10:00,63.433,Long Pine #1,,,
1438,7/26/2015 10:15,63.433,Long Pine #1,,,
1439,7/26/2015 10:30,63.819,Long Pine #1,,,
1440,7/26/2015 10:45,64.418,Long Pine #1,,,
1441,7/26/2015 11:00,65.53,Long Pine #1,,,
1442,7/26/2015 11:15,66.729,Long Pine #1,,,
1443,7/26/2015 11:30,67.714,Long Pine #1,,,
1444,7/26/2015 11:45,68.785,Long Pine #1,,,
1445,7/26/2015 12:00,69.3,Long Pine #1,,,
1446,7/26/2015 12:15,69.901,Long Pine #1,,,
1447,7/26/2015 12:30,69.557,Long Pine #1,,,
1448,7/26/2015 12:45,69.213,Long Pine #1,,,
1449,7/26/2015 13:00,68.4,Long Pine #1,,,
1450,7/26/2015 13:15,67.242,Long Pine #1,,,
1451,7/26/2015 13:30,66.472,Long Pine #1,,,
1452,7/26/2015 13:45,65.788,Long Pine #1,,,
1453,7/26/2015 14:00,65.102,Long Pine #1,,,
1454,7/26/2015 14:15,64.332,Long Pine #1,,,
1455,7/26/2015 14:30,63.561,Long Pine #1,,,
1456,7/26/2015 14:45,62.791,Long Pine #1,,,
1457,7/26/2015 15:00,62.105,Long Pine #1,,,
1458,7/26/2015 15:15,61.59,Long Pine #1,,,
1459,7/26/2015 15:30,61.119,Long Pine #1,,,
1460,7/26/2015 15:45,60.69,Long Pine #1,,,
1461,7/26/2015 16:00,60.303,Long Pine #1,,,
1462,7/26/2015 16:15,60.217,Long Pine #1,,,
1463,7/26/2015 16:30,60.818,Long Pine #1,,,
1464,7/26/2015 16:45,62.019,Long Pine #1,,,
1465,7/26/2015 17:00,63.604,Long Pine #1,,,
1466,7/26/2015 17:15,65.487,Long Pine #1,,,
1467,7/26/2015 17:30,67.199,Long Pine #1,,,
1468,7/26/2015 17:45,68.099,Long Pine #1,,,
1469,7/26/2015 18:00,69.3,Long Pine #1,,,
1470,7/26/2015 18:15,70.243,Long Pine #1,,,
1471,7/26/2015 18:30,70.372,Long Pine #1,,,
1472,7/26/2015 18:45,69.985,Long Pine #1,,,
1473,7/26/2015 19:00,69.129,Long Pine #1,,,
1474,7/26/2015 19:15,68.356,Long Pine #1,,,
1475,7/26/2015 19:30,67.543,Long Pine #1,,,
1476,7/26/2015 19:45,67.028,Long Pine #1,,,
1477,7/26/2015 20:00,66.385,Long Pine #1,,,
1478,7/26/2015 20:15,65.615,Long Pine #1,,,
1479,7/26/2015 20:30,64.803,Long Pine #1,,,
1480,7/26/2015 20:45,64.074,Long Pine #1,,,
1481,7/26/2015 21:00,63.433,Long Pine #1,,,
1482,7/26/2015 21:15,62.791,Long Pine #1,,,
1483,7/26/2015 21:30,62.105,Long Pine #1,,,
1484,7/26/2015 21:45,61.506,Long Pine #1,,,
1485,7/26/2015 22:00,60.948,Long Pine #1,,,
1486,7/26/2015 22:15,60.647,Long Pine #1,,,
1487,7/26/2015 22:30,60.775,Long Pine #1,,,
1488,7/26/2015 22:45,61.506,Long Pine #1,,,
1489,7/26/2015 23:00,62.191,Long Pine #1,,,
1490,7/26/2015 23:15,62.791,Long Pine #1,,,
1491,7/26/2015 23:30,63.09,Long Pine #1,,,
1492,7/26/2015 23:45,63.048,Long Pine #1,,,
1493,7/27/2015 0:00,63.09,Long Pine #1,,,
1494,7/27/2015 0:15,63.005,Long Pine #1,,,
1495,7/27/2015 0:30,62.962,Long Pine #1,,,
1496,7/27/2015 0:45,62.962,Long Pine #1,,,
1497,7/27/2015 1:00,62.748,Long Pine #1,,,
1498,7/27/2015 1:15,62.319,Long Pine #1,,,
1499,7/27/2015 1:30,61.761,Long Pine #1,,,
1500,7/27/2015 1:45,61.205,Long Pine #1,,,
1501,7/27/2015 2:00,60.69,Long Pine #1,,,
1502,7/27/2015 2:15,60.174,Long Pine #1,,,
1503,7/27/2015 2:30,59.659,Long Pine #1,,,
1504,7/27/2015 2:45,59.229,Long Pine #1,,,
1505,7/27/2015 3:00,58.755,Long Pine #1,,,
1506,7/27/2015 3:15,58.282,Long Pine #1,,,
1507,7/27/2015 3:30,57.85,Long Pine #1,,,
1508,7/27/2015 3:45,57.376,Long Pine #1,,,
1509,7/27/2015 4:00,56.901,Long Pine #1,,,
1510,7/27/2015 4:15,56.685,Long Pine #1,,,
1511,7/27/2015 4:30,57.031,Long Pine #1,,,
1512,7/27/2015 4:45,57.979,Long Pine #1,,,
1513,7/27/2015 5:00,59.358,Long Pine #1,,,
1514,7/27/2015 5:15,60.775,Long Pine #1,,,
1515,7/27/2015 5:30,62.276,Long Pine #1,,,
1516,7/27/2015 5:45,63.048,Long Pine #1,,,
1517,7/27/2015 6:00,63.732,Long Pine #1,,,
1518,7/27/2015 6:15,63.775,Long Pine #1,,,
1519,7/27/2015 6:30,64.204,Long Pine #1,,,
1520,7/27/2015 6:45,64.117,Long Pine #1,,,
1521,7/27/2015 7:00,63.39,Long Pine #1,,,
1522,7/27/2015 7:15,62.791,Long Pine #1,,,
1523,7/27/2015 7:30,62.191,Long Pine #1,,,
1524,7/27/2015 7:45,61.633,Long Pine #1,,,
1525,7/27/2015 8:00,61.162,Long Pine #1,,,
1526,7/27/2015 8:15,60.604,Long Pine #1,,,
1527,7/27/2015 8:30,60.089,Long Pine #1,,,
1528,7/27/2015 8:45,59.745,Long Pine #1,,,
1529,7/27/2015 9:00,59.358,Long Pine #1,,,
1530,7/27/2015 9:15,58.842,Long Pine #1,,,
1531,7/27/2015 9:30,58.411,Long Pine #1,,,
1532,7/27/2015 9:45,57.936,Long Pine #1,,,
1533,7/27/2015 10:00,57.463,Long Pine #1,,,
1534,7/27/2015 10:15,57.247,Long Pine #1,,,
1535,7/27/2015 10:30,57.722,Long Pine #1,,,
1536,7/27/2015 10:45,58.669,Long Pine #1,,,
1537,7/27/2015 11:00,60.132,Long Pine #1,,,
1538,7/27/2015 11:15,61.677,Long Pine #1,,,
1539,7/27/2015 11:30,63.219,Long Pine #1,,,
1540,7/27/2015 11:45,64.589,Long Pine #1,,,
1541,7/27/2015 12:00,65.701,Long Pine #1,,,
1542,7/27/2015 12:15,66.258,Long Pine #1,,,
1543,7/27/2015 12:30,66.385,Long Pine #1,,,
1544,7/27/2015 12:45,66.043,Long Pine #1,,,
1545,7/27/2015 13:00,65.359,Long Pine #1,,,
1546,7/27/2015 13:15,64.546,Long Pine #1,,,
1547,7/27/2015 13:30,63.819,Long Pine #1,,,
1548,7/27/2015 13:45,63.475,Long Pine #1,,,
1549,7/27/2015 14:00,63.219,Long Pine #1,,,
1550,7/27/2015 14:15,62.661,Long Pine #1,,,
1551,7/27/2015 14:30,61.934,Long Pine #1,,,
1552,7/27/2015 14:45,61.205,Long Pine #1,,,
1553,7/27/2015 15:00,60.517,Long Pine #1,,,
1554,7/27/2015 15:15,59.916,Long Pine #1,,,
1555,7/27/2015 15:30,59.358,Long Pine #1,,,
1556,7/27/2015 15:45,58.842,Long Pine #1,,,
1557,7/27/2015 16:00,58.411,Long Pine #1,,,
1558,7/27/2015 16:15,58.195,Long Pine #1,,,
1559,7/27/2015 16:30,58.669,Long Pine #1,,,
1560,7/27/2015 16:45,59.788,Long Pine #1,,,
1561,7/27/2015 17:00,61.376,Long Pine #1,,,
1562,7/27/2015 17:15,63.176,Long Pine #1,,,
1563,7/27/2015 17:30,64.931,Long Pine #1,,,
1564,7/27/2015 17:45,66.472,Long Pine #1,,,
1565,7/27/2015 18:00,67.627,Long Pine #1,,,
1566,7/27/2015 18:15,68.27,Long Pine #1,,,
1567,7/27/2015 18:30,68.484,Long Pine #1,,,
1568,7/27/2015 18:45,68.27,Long Pine #1,,,
1569,7/27/2015 19:00,67.714,Long Pine #1,,,
1570,7/27/2015 19:15,66.985,Long Pine #1,,,
1571,7/27/2015 19:30,66.344,Long Pine #1,,,
1572,7/27/2015 19:45,65.959,Long Pine #1,,,
1573,7/27/2015 20:00,65.615,Long Pine #1,,,
1574,7/27/2015 20:15,65.102,Long Pine #1,,,
1575,7/27/2015 20:30,64.546,Long Pine #1,,,
1576,7/27/2015 20:45,63.99,Long Pine #1,,,
1577,7/27/2015 21:00,63.475,Long Pine #1,,,
1578,7/27/2015 21:15,63.005,Long Pine #1,,,
1579,7/27/2015 21:30,62.49,Long Pine #1,,,
1580,7/27/2015 21:45,62.019,Long Pine #1,,,
1581,7/27/2015 22:00,61.59,Long Pine #1,,,
1582,7/27/2015 22:15,61.376,Long Pine #1,,,
1583,7/27/2015 22:30,61.761,Long Pine #1,,,
1584,7/27/2015 22:45,62.748,Long Pine #1,,,
1585,7/27/2015 23:00,64.161,Long Pine #1,,,
1586,7/27/2015 23:15,65.745,Long Pine #1,,,
1587,7/27/2015 23:30,67.242,Long Pine #1,,,
1588,7/27/2015 23:45,68.527,Long Pine #1,,,
1589,7/28/2015 0:00,69.557,Long Pine #1,,,
1590,7/28/2015 0:15,70.072,Long Pine #1,,,
1591,7/28/2015 0:30,70.115,Long Pine #1,,,
1592,7/28/2015 0:45,69.814,Long Pine #1,,,
1593,7/28/2015 1:00,69.213,Long Pine #1,,,
1594,7/28/2015 1:15,68.527,Long Pine #1,,,
1595,7/28/2015 1:30,67.928,Long Pine #1,,,
1596,7/28/2015 1:45,67.543,Long Pine #1,,,
1597,7/28/2015 2:00,67.242,Long Pine #1,,,
1598,7/28/2015 2:15,66.857,Long Pine #1,,,
1599,7/28/2015 2:30,66.385,Long Pine #1,,,
1600,7/28/2015 2:45,65.872,Long Pine #1,,,
1601,7/28/2015 3:00,65.316,Long Pine #1,,,
1602,7/28/2015 3:15,64.76,Long Pine #1,,,
1603,7/28/2015 3:30,64.247,Long Pine #1,,,
1604,7/28/2015 3:45,63.775,Long Pine #1,,,
1605,7/28/2015 4:00,63.39,Long Pine #1,,,
1606,7/28/2015 4:15,63.262,Long Pine #1,,,
1607,7/28/2015 4:30,63.604,Long Pine #1,,,
1608,7/28/2015 4:45,64.332,Long Pine #1,,,
1609,7/28/2015 5:00,65.316,Long Pine #1,,,
1610,7/28/2015 5:15,66.772,Long Pine #1,,,
1611,7/28/2015 5:30,68.185,Long Pine #1,,,
1612,7/28/2015 5:45,69.471,Long Pine #1,,,
1613,7/28/2015 6:00,70.029,Long Pine #1,,,
1614,7/28/2015 6:15,70.459,Long Pine #1,,,
1615,7/28/2015 6:30,70.543,Long Pine #1,,,
1616,7/28/2015 6:45,70.115,Long Pine #1,,,
1617,7/28/2015 7:00,69.471,Long Pine #1,,,
1618,7/28/2015 7:15,68.913,Long Pine #1,,,
1619,7/28/2015 7:30,68.527,Long Pine #1,,,
1620,7/28/2015 7:45,68.013,Long Pine #1,,,
1621,7/28/2015 8:00,67.456,Long Pine #1,,,
1622,7/28/2015 8:15,66.9,Long Pine #1,,,
1623,7/28/2015 8:30,66.301,Long Pine #1,,,
1624,7/28/2015 8:45,65.829,Long Pine #1,,,
1625,7/28/2015 9:00,65.444,Long Pine #1,,,
1626,7/28/2015 9:15,65.017,Long Pine #1,,,
1627,7/28/2015 9:30,64.589,Long Pine #1,,,
1628,7/28/2015 9:45,64.117,Long Pine #1,,,
1629,7/28/2015 10:00,63.604,Long Pine #1,,,
1630,7/28/2015 10:15,63.304,Long Pine #1,,,
1631,7/28/2015 10:30,63.475,Long Pine #1,,,
1632,7/28/2015 10:45,64.117,Long Pine #1,,,
1633,7/28/2015 11:00,65.23,Long Pine #1,,,
1634,7/28/2015 11:15,66.558,Long Pine #1,,,
1635,7/28/2015 11:30,67.885,Long Pine #1,,,
1636,7/28/2015 11:45,69.129,Long Pine #1,,,
1637,7/28/2015 12:00,70.029,Long Pine #1,,,
1638,7/28/2015 12:15,70.502,Long Pine #1,,,
1639,7/28/2015 12:30,70.543,Long Pine #1,,,
1640,7/28/2015 12:45,70.243,Long Pine #1,,,
1641,7/28/2015 13:00,69.557,Long Pine #1,,,
1642,7/28/2015 13:15,68.785,Long Pine #1,,,
1643,7/28/2015 13:30,68.013,Long Pine #1,,,
1644,7/28/2015 13:45,67.714,Long Pine #1,,,
1645,7/28/2015 14:00,67.456,Long Pine #1,,,
1646,7/28/2015 14:15,67.028,Long Pine #1,,,
1647,7/28/2015 14:30,66.558,Long Pine #1,,,
1648,7/28/2015 14:45,66.087,Long Pine #1,,,
1649,7/28/2015 15:00,65.615,Long Pine #1,,,
1650,7/28/2015 15:15,65.102,Long Pine #1,,,
1651,7/28/2015 15:30,64.589,Long Pine #1,,,
1652,7/28/2015 15:45,64.117,Long Pine #1,,,
1653,7/28/2015 16:00,63.648,Long Pine #1,,,
1654,7/28/2015 16:15,63.262,Long Pine #1,,,
1655,7/28/2015 16:30,63.262,Long Pine #1,,,
1656,7/28/2015 16:45,63.732,Long Pine #1,,,
1657,7/28/2015 17:00,64.546,Long Pine #1,,,
1658,7/28/2015 17:15,65.615,Long Pine #1,,,
1659,7/28/2015 17:30,66.643,Long Pine #1,,,
1660,7/28/2015 17:45,67.5,Long Pine #1,,,
1661,7/28/2015 18:00,68.099,Long Pine #1,,,
1662,7/28/2015 18:15,68.185,Long Pine #1,,,
1663,7/28/2015 18:30,67.757,Long Pine #1,,,
1664,7/28/2015 18:45,67.158,Long Pine #1,,,
1665,7/28/2015 19:00,66.385,Long Pine #1,,,
1666,7/28/2015 19:15,65.444,Long Pine #1,,,
1667,7/28/2015 19:30,64.845,Long Pine #1,,,
1668,7/28/2015 19:45,64.418,Long Pine #1,,,
1669,7/28/2015 20:00,63.903,Long Pine #1,,,
1670,7/28/2015 20:15,63.347,Long Pine #1,,,
1671,7/28/2015 20:30,62.834,Long Pine #1,,,
1672,7/28/2015 20:45,62.362,Long Pine #1,,,
1673,7/28/2015 21:00,61.934,Long Pine #1,,,
1674,7/28/2015 21:15,61.506,Long Pine #1,,,
1675,7/28/2015 21:30,61.162,Long Pine #1,,,
1676,7/28/2015 21:45,60.904,Long Pine #1,,,
1677,7/28/2015 22:00,60.69,Long Pine #1,,,
1678,7/28/2015 22:15,60.517,Long Pine #1,,,
1679,7/28/2015 22:30,60.346,Long Pine #1,,,
1680,7/28/2015 22:45,60.217,Long Pine #1,,,
1681,7/28/2015 23:00,60.174,Long Pine #1,,,
1682,7/28/2015 23:15,60.26,Long Pine #1,,,
1683,7/28/2015 23:30,60.69,Long Pine #1,,,
1684,7/28/2015 23:45,62.233,Long Pine #1,,,
1685,7/29/2015 0:00,62.962,Long Pine #1,,,
1686,7/29/2015 0:15,63.005,Long Pine #1,,,
1687,7/29/2015 0:30,62.919,Long Pine #1,,,
1688,7/29/2015 0:45,62.533,Long Pine #1,,,
1689,7/29/2015 1:00,61.633,Long Pine #1,,,
1690,7/29/2015 1:15,60.818,Long Pine #1,,,
1691,7/29/2015 1:30,60.217,Long Pine #1,,,
1692,7/29/2015 1:45,59.873,Long Pine #1,,,
1693,7/29/2015 2:00,59.486,Long Pine #1,,,
1694,7/29/2015 2:15,59.099,Long Pine #1,,,
1695,7/29/2015 2:30,58.626,Long Pine #1,,,
1696,7/29/2015 2:45,57.85,Long Pine #1,,,
1697,7/29/2015 3:00,57.117,Long Pine #1,,,
1698,7/29/2015 3:15,56.556,Long Pine #1,,,
1699,7/29/2015 3:30,56.079,Long Pine #1,,,
1700,7/29/2015 3:45,55.819,Long Pine #1,,,
1701,7/29/2015 4:00,55.558,Long Pine #1,,,
1702,7/29/2015 4:15,55.256,Long Pine #1,,,
1703,7/29/2015 4:30,55.429,Long Pine #1,,,
1704,7/29/2015 4:45,56.165,Long Pine #1,,,
1705,7/29/2015 5:00,57.376,Long Pine #1,,,
1706,7/29/2015 5:15,58.541,Long Pine #1,,,
1707,7/29/2015 5:30,59.616,Long Pine #1,,,
1708,7/29/2015 5:45,60.69,Long Pine #1,,,
1709,7/29/2015 6:00,61.547,Long Pine #1,,,
1710,7/29/2015 6:15,61.934,Long Pine #1,,,
1711,7/29/2015 6:30,61.761,Long Pine #1,,,
1712,7/29/2015 6:45,61.547,Long Pine #1,,,
1713,7/29/2015 7:00,61.162,Long Pine #1,,,
1714,7/29/2015 7:15,60.474,Long Pine #1,,,
1715,7/29/2015 7:30,59.83,Long Pine #1,,,
1716,7/29/2015 7:45,59.445,Long Pine #1,,,
1717,7/29/2015 8:00,59.099,Long Pine #1,,,
1718,7/29/2015 8:15,58.755,Long Pine #1,,,
1719,7/29/2015 8:30,58.282,Long Pine #1,,,
1720,7/29/2015 8:45,57.85,Long Pine #1,,,
1721,7/29/2015 9:00,57.463,Long Pine #1,,,
1722,7/29/2015 9:15,57.16,Long Pine #1,,,
1723,7/29/2015 9:30,56.858,Long Pine #1,,,
1724,7/29/2015 9:45,56.599,Long Pine #1,,,
1725,7/29/2015 10:00,56.34,Long Pine #1,,,
1726,7/29/2015 10:15,56.165,Long Pine #1,,,
1727,7/29/2015 10:30,56.469,Long Pine #1,,,
1728,7/29/2015 10:45,57.376,Long Pine #1,,,
1729,7/29/2015 11:00,58.755,Long Pine #1,,,
1730,7/29/2015 11:15,60.39,Long Pine #1,,,
1731,7/29/2015 11:30,61.977,Long Pine #1,,,
1732,7/29/2015 11:45,63.347,Long Pine #1,,,
1733,7/29/2015 12:00,64.375,Long Pine #1,,,
1734,7/29/2015 12:15,64.888,Long Pine #1,,,
1735,7/29/2015 12:30,64.931,Long Pine #1,,,
1736,7/29/2015 12:45,64.589,Long Pine #1,,,
1737,7/29/2015 13:00,63.903,Long Pine #1,,,
1738,7/29/2015 13:15,63.09,Long Pine #1,,,
1739,7/29/2015 13:30,62.362,Long Pine #1,,,
1740,7/29/2015 13:45,61.934,Long Pine #1,,,
1741,7/29/2015 14:00,61.59,Long Pine #1,,,
1742,7/29/2015 14:15,61.162,Long Pine #1,,,
1743,7/29/2015 14:30,60.69,Long Pine #1,,,
1744,7/29/2015 14:45,60.217,Long Pine #1,,,
1745,7/29/2015 15:00,59.788,Long Pine #1,,,
1746,7/29/2015 15:15,59.272,Long Pine #1,,,
1747,7/29/2015 15:30,58.798,Long Pine #1,,,
1748,7/29/2015 15:45,58.411,Long Pine #1,,,
1749,7/29/2015 16:00,58.023,Long Pine #1,,,
1750,7/29/2015 16:15,57.765,Long Pine #1,,,
1751,7/29/2015 16:30,58.066,Long Pine #1,,,
1752,7/29/2015 16:45,59.014,Long Pine #1,,,
1753,7/29/2015 17:00,60.39,Long Pine #1,,,
1754,7/29/2015 17:15,61.977,Long Pine #1,,,
1755,7/29/2015 17:30,63.561,Long Pine #1,,,
1756,7/29/2015 17:45,64.931,Long Pine #1,,,
1757,7/29/2015 18:00,66,Long Pine #1,,,
1758,7/29/2015 18:15,66.6,Long Pine #1,,,
1759,7/29/2015 18:30,66.729,Long Pine #1,,,
1760,7/29/2015 18:45,66.429,Long Pine #1,,,
1761,7/29/2015 19:00,65.701,Long Pine #1,,,
1762,7/29/2015 19:15,64.974,Long Pine #1,,,
1763,7/29/2015 19:30,64.332,Long Pine #1,,,
1764,7/29/2015 19:45,63.99,Long Pine #1,,,
1765,7/29/2015 20:00,63.648,Long Pine #1,,,
1766,7/29/2015 20:15,63.176,Long Pine #1,,,
1767,7/29/2015 20:30,62.62,Long Pine #1,,,
1768,7/29/2015 20:45,62.105,Long Pine #1,,,
1769,7/29/2015 21:00,61.633,Long Pine #1,,,
1770,7/29/2015 21:15,61.162,Long Pine #1,,,
1771,7/29/2015 21:30,60.647,Long Pine #1,,,
1772,7/29/2015 21:45,60.174,Long Pine #1,,,
1773,7/29/2015 22:00,59.788,Long Pine #1,,,
1774,7/29/2015 22:15,59.702,Long Pine #1,,,
1775,7/29/2015 22:30,59.702,Long Pine #1,,,
1776,7/29/2015 22:45,59.83,Long Pine #1,,,
1777,7/29/2015 23:00,60.003,Long Pine #1,,,
1778,7/29/2015 23:15,60.26,Long Pine #1,,,
1779,7/29/2015 23:30,63.862,Long Pine #1,,,
1780,7/29/2015 23:45,69.042,Long Pine #1,,,
1781,7/30/2015 0:00,70.158,Long Pine #1,,,
1782,7/30/2015 0:15,70.716,Long Pine #1,,,
1783,7/30/2015 0:30,70.803,Long Pine #1,,,
1784,7/30/2015 0:45,70.759,Long Pine #1,,,
1785,7/30/2015 1:00,70.673,Long Pine #1,,,
1786,7/30/2015 1:15,70.587,Long Pine #1,,,
1787,7/30/2015 1:30,70.502,Long Pine #1,,,
1788,7/30/2015 1:45,70.372,Long Pine #1,,,
1789,7/30/2015 2:00,70.372,Long Pine #1,,,
1790,7/30/2015 2:15,70.329,Long Pine #1,,,
1791,7/30/2015 2:30,70.243,Long Pine #1,,,
1792,7/30/2015 2:45,70.201,Long Pine #1,,,
1793,7/30/2015 3:00,70.115,Long Pine #1,,,
1794,7/30/2015 3:15,70.029,Long Pine #1,,,
1795,7/30/2015 3:30,69.942,Long Pine #1,,,
1796,7/30/2015 3:45,69.858,Long Pine #1,,,
1797,7/30/2015 4:00,69.814,Long Pine #1,,,
1798,7/30/2015 4:15,69.814,Long Pine #1,,,
1799,7/30/2015 4:30,69.858,Long Pine #1,,,
1800,7/30/2015 4:45,69.985,Long Pine #1,,,
1801,7/30/2015 5:00,70.072,Long Pine #1,,,
1802,7/30/2015 5:15,70.201,Long Pine #1,,,
1803,7/30/2015 5:30,70.329,Long Pine #1,,,
1804,7/30/2015 5:45,70.502,Long Pine #1,,,
1805,7/30/2015 6:00,70.63,Long Pine #1,,,
1806,7/30/2015 6:15,70.759,Long Pine #1,,,
1807,7/30/2015 6:30,70.887,Long Pine #1,,,
1808,7/30/2015 6:45,70.974,Long Pine #1,,,
1809,7/30/2015 7:00,70.974,Long Pine #1,,,
1810,7/30/2015 7:15,70.93,Long Pine #1,,,
1811,7/30/2015 7:30,70.93,Long Pine #1,,,
1812,7/30/2015 7:45,70.846,Long Pine #1,,,
1813,7/30/2015 8:00,70.803,Long Pine #1,,,
1814,7/30/2015 8:15,70.759,Long Pine #1,,,
1815,7/30/2015 8:30,70.716,Long Pine #1,,,
1816,7/30/2015 8:45,70.63,Long Pine #1,,,
1817,7/30/2015 9:00,70.587,Long Pine #1,,,
1818,7/30/2015 9:15,70.502,Long Pine #1,,,
1819,7/30/2015 9:30,70.416,Long Pine #1,,,
1820,7/30/2015 9:45,70.372,Long Pine #1,,,
1821,7/30/2015 10:00,70.286,Long Pine #1,,,
1822,7/30/2015 10:15,70.243,Long Pine #1,,,
1823,7/30/2015 10:30,70.243,Long Pine #1,,,
1824,7/30/2015 10:45,70.243,Long Pine #1,,,
1825,7/30/2015 11:00,70.329,Long Pine #1,,,
1826,7/30/2015 11:15,70.416,Long Pine #1,,,
1827,7/30/2015 11:30,70.587,Long Pine #1,,,
1828,7/30/2015 11:45,70.716,Long Pine #1,,,
1829,7/30/2015 12:00,70.846,Long Pine #1,,,
1830,7/30/2015 12:15,71.017,Long Pine #1,,,
1831,7/30/2015 12:30,71.92,Long Pine #1,,,
1832,7/30/2015 12:45,71.704,Long Pine #1,,,
1833,7/30/2015 13:00,71.447,Long Pine #1,,,
1834,7/30/2015 13:15,71.274,Long Pine #1,,,
1835,7/30/2015 13:30,71.146,Long Pine #1,,,
1836,7/30/2015 13:45,71.017,Long Pine #1,,,
1837,7/30/2015 14:00,70.887,Long Pine #1,,,
1838,7/30/2015 14:15,70.759,Long Pine #1,,,
1839,7/30/2015 14:30,70.63,Long Pine #1,,,
1840,7/30/2015 14:45,70.502,Long Pine #1,,,
1841,7/30/2015 15:00,70.329,Long Pine #1,,,
1842,7/30/2015 15:15,70.243,Long Pine #1,,,
1843,7/30/2015 15:30,70.115,Long Pine #1,,,
1844,7/30/2015 15:45,69.985,Long Pine #1,,,
1845,7/30/2015 16:00,69.858,Long Pine #1,,,
1846,7/30/2015 16:15,69.771,Long Pine #1,,,
1847,7/30/2015 16:30,69.771,Long Pine #1,,,
1848,7/30/2015 16:45,69.771,Long Pine #1,,,
1849,7/30/2015 17:00,69.814,Long Pine #1,,,
1850,7/30/2015 17:15,69.901,Long Pine #1,,,
1851,7/30/2015 17:30,69.942,Long Pine #1,,,
1852,7/30/2015 17:45,70.072,Long Pine #1,,,
1853,7/30/2015 18:00,70.286,Long Pine #1,,,
1854,7/30/2015 18:15,70.459,Long Pine #1,,,
1855,7/30/2015 18:30,70.63,Long Pine #1,,,
1856,7/30/2015 18:45,70.759,Long Pine #1,,,
1857,7/30/2015 19:00,70.803,Long Pine #1,,,
1858,7/30/2015 19:15,70.803,Long Pine #1,,,
1859,7/30/2015 19:30,70.759,Long Pine #1,,,
1860,7/30/2015 19:45,70.673,Long Pine #1,,,
1861,7/30/2015 20:00,70.587,Long Pine #1,,,
1862,7/30/2015 20:15,70.502,Long Pine #1,,,
1863,7/30/2015 20:30,70.329,Long Pine #1,,,
1864,7/30/2015 20:45,70.201,Long Pine #1,,,
1865,7/30/2015 21:00,70.072,Long Pine #1,,,
1866,7/30/2015 21:15,69.901,Long Pine #1,,,
1867,7/30/2015 21:30,69.728,Long Pine #1,,,
1868,7/30/2015 21:45,69.514,Long Pine #1,,,
1869,7/30/2015 22:00,69.343,Long Pine #1,,,
1870,7/30/2015 22:15,69.256,Long Pine #1,,,
1871,7/30/2015 22:30,69.3,Long Pine #1,,,
1872,7/30/2015 22:45,69.343,Long Pine #1,,,
1873,7/30/2015 23:00,69.427,Long Pine #1,,,
1874,7/30/2015 23:15,69.471,Long Pine #1,,,
1875,7/30/2015 23:30,69.6,Long Pine #1,,,
1876,7/30/2015 23:45,69.771,Long Pine #1,,,
1877,7/31/2015 0:00,69.985,Long Pine #1,,,
1878,7/31/2015 0:15,70.201,Long Pine #1,,,
1879,7/31/2015 0:30,70.459,Long Pine #1,,,
1880,7/31/2015 0:45,70.673,Long Pine #1,,,
1881,7/31/2015 1:00,70.846,Long Pine #1,,,
1882,7/31/2015 1:15,70.93,Long Pine #1,,,
1883,7/31/2015 1:30,70.93,Long Pine #1,,,
1884,7/31/2015 1:45,70.887,Long Pine #1,,,
1885,7/31/2015 2:00,70.803,Long Pine #1,,,
1886,7/31/2015 2:15,70.716,Long Pine #1,,,
1887,7/31/2015 2:30,70.63,Long Pine #1,,,
1888,7/31/2015 2:45,70.502,Long Pine #1,,,
1889,7/31/2015 3:00,70.372,Long Pine #1,,,
1890,7/31/2015 3:15,70.201,Long Pine #1,,,
1891,7/31/2015 3:30,70.072,Long Pine #1,,,
1892,7/31/2015 3:45,69.901,Long Pine #1,,,
1893,7/31/2015 4:00,69.728,Long Pine #1,,,
1894,7/31/2015 4:15,69.901,Long Pine #1,,,
1895,7/31/2015 4:30,70.158,Long Pine #1,,,
1896,7/31/2015 4:45,70.158,Long Pine #1,,,
1897,7/31/2015 5:00,70.201,Long Pine #1,,,
1898,7/31/2015 5:15,70.286,Long Pine #1,,,
1899,7/31/2015 5:30,70.502,Long Pine #1,,,
1900,7/31/2015 5:45,70.716,Long Pine #1,,,
1901,7/31/2015 6:00,70.974,Long Pine #1,,,
1902,7/31/2015 6:15,71.274,Long Pine #1,,,
1903,7/31/2015 6:30,71.62,Long Pine #1,,,
1904,7/31/2015 6:45,71.964,Long Pine #1,,,
1905,7/31/2015 7:00,72.221,Long Pine #1,,,
1906,7/31/2015 7:15,72.394,Long Pine #1,,,
1907,7/31/2015 7:30,72.48,Long Pine #1,,,
1908,7/31/2015 7:45,72.48,Long Pine #1,,,
1909,7/31/2015 8:00,72.394,Long Pine #1,,,
1910,7/31/2015 8:15,72.307,Long Pine #1,,,
1911,7/31/2015 8:30,72.136,Long Pine #1,,,
1912,7/31/2015 8:45,71.92,Long Pine #1,,,
1913,7/31/2015 9:00,71.704,Long Pine #1,,,
1914,7/31/2015 9:15,71.533,Long Pine #1,,,
1915,7/31/2015 9:30,71.317,Long Pine #1,,,
1916,7/31/2015 9:45,71.103,Long Pine #1,,,
1917,7/31/2015 10:00,70.93,Long Pine #1,,,
1918,7/31/2015 10:15,70.93,Long Pine #1,,,
1919,7/31/2015 10:30,71.103,Long Pine #1,,,
1920,7/31/2015 10:45,71.274,Long Pine #1,,,
1921,7/31/2015 11:00,71.49,Long Pine #1,,,
1922,7/31/2015 11:15,71.704,Long Pine #1,,,
1923,7/31/2015 11:30,71.92,Long Pine #1,,,
1924,7/31/2015 11:45,72.136,Long Pine #1,,,
1925,7/31/2015 12:00,72.351,Long Pine #1,,,
1926,7/31/2015 12:15,72.437,Long Pine #1,,,
1927,7/31/2015 12:30,72.437,Long Pine #1,,,
1928,7/31/2015 12:45,72.523,Long Pine #1,,,
1929,7/31/2015 13:00,72.523,Long Pine #1,,,
1930,7/31/2015 13:15,72.48,Long Pine #1,,,
1931,7/31/2015 13:30,72.351,Long Pine #1,,,
1932,7/31/2015 13:45,72.221,Long Pine #1,,,
1933,7/31/2015 14:00,72.05,Long Pine #1,,,
1934,7/31/2015 14:15,71.877,Long Pine #1,,,
1935,7/31/2015 14:30,71.661,Long Pine #1,,,
1936,7/31/2015 14:45,71.447,Long Pine #1,,,
1937,7/31/2015 15:00,71.231,Long Pine #1,,,
1938,7/31/2015 15:15,70.974,Long Pine #1,,,
1939,7/31/2015 15:30,70.759,Long Pine #1,,,
1940,7/31/2015 15:45,70.543,Long Pine #1,,,
1941,7/31/2015 16:00,70.329,Long Pine #1,,,
1942,7/31/2015 16:15,70.158,Long Pine #1,,,
1943,7/31/2015 16:30,70.115,Long Pine #1,,,
1944,7/31/2015 16:45,70.201,Long Pine #1,,,
1945,7/31/2015 17:00,70.243,Long Pine #1,,,
1946,7/31/2015 17:15,70.286,Long Pine #1,,,
1947,7/31/2015 17:30,70.329,Long Pine #1,,,
1948,7/31/2015 17:45,70.502,Long Pine #1,,,
1949,7/31/2015 18:00,70.673,Long Pine #1,,,
1950,7/31/2015 18:15,70.93,Long Pine #1,,,
1951,7/31/2015 18:30,71.146,Long Pine #1,,,
1952,7/31/2015 18:45,71.317,Long Pine #1,,,
1953,7/31/2015 19:00,71.404,Long Pine #1,,,
1954,7/31/2015 19:15,71.404,Long Pine #1,,,
1955,7/31/2015 19:30,71.317,Long Pine #1,,,
1956,7/31/2015 19:45,71.19,Long Pine #1,,,
1957,7/31/2015 20:00,71.06,Long Pine #1,,,
1958,7/31/2015 20:15,70.846,Long Pine #1,,,
1959,7/31/2015 20:30,70.673,Long Pine #1,,,
1960,7/31/2015 20:45,70.416,Long Pine #1,,,
1961,7/31/2015 21:00,70.201,Long Pine #1,,,
1962,7/31/2015 21:15,69.985,Long Pine #1,,,
1963,7/31/2015 21:30,69.771,Long Pine #1,,,
1964,7/31/2015 21:45,69.557,Long Pine #1,,,
1965,7/31/2015 22:00,69.3,Long Pine #1,,,
1966,7/31/2015 22:15,69.17,Long Pine #1,,,
1967,7/31/2015 22:30,69.213,Long Pine #1,,,
1968,7/31/2015 22:45,69.213,Long Pine #1,,,
1969,7/31/2015 23:00,69.256,Long Pine #1,,,
1970,7/31/2015 23:15,69.343,Long Pine #1,,,
1971,7/31/2015 23:30,69.427,Long Pine #1,,,
1972,7/31/2015 23:45,69.685,Long Pine #1,,,
1973,8/1/2015 0:00,69.985,Long Pine #1,,,
1974,8/1/2015 0:15,70.201,Long Pine #1,,,
1975,8/1/2015 0:30,70.502,Long Pine #1,,,
1976,8/1/2015 0:45,70.759,Long Pine #1,,,
1977,8/1/2015 1:00,70.846,Long Pine #1,,,
1978,8/1/2015 1:15,70.803,Long Pine #1,,,
1979,8/1/2015 1:30,70.716,Long Pine #1,,,
1980,8/1/2015 1:45,70.587,Long Pine #1,,,
1981,8/1/2015 2:00,70.502,Long Pine #1,,,
1982,8/1/2015 2:15,70.329,Long Pine #1,,,
1983,8/1/2015 2:30,70.201,Long Pine #1,,,
1984,8/1/2015 2:45,69.985,Long Pine #1,,,
1985,8/1/2015 3:00,69.814,Long Pine #1,,,
1986,8/1/2015 3:15,69.6,Long Pine #1,,,
1987,8/1/2015 3:30,69.386,Long Pine #1,,,
1988,8/1/2015 3:45,69.17,Long Pine #1,,,
1989,8/1/2015 4:00,68.956,Long Pine #1,,,
1990,8/1/2015 4:15,68.785,Long Pine #1,,,
1991,8/1/2015 4:30,68.871,Long Pine #1,,,
1992,8/1/2015 4:45,69.213,Long Pine #1,,,
1993,8/1/2015 5:00,69.6,Long Pine #1,,,
1994,8/1/2015 5:15,70.029,Long Pine #1,,,
1995,8/1/2015 5:30,70.329,Long Pine #1,,,
1996,8/1/2015 5:45,70.543,Long Pine #1,,,
1997,8/1/2015 6:00,70.759,Long Pine #1,,,
1998,8/1/2015 6:15,70.887,Long Pine #1,,,
1999,8/1/2015 6:30,70.974,Long Pine #1,,,
2000,8/1/2015 6:45,70.974,Long Pine #1,,,
2001,8/1/2015 7:00,70.887,Long Pine #1,,,
2002,8/1/2015 7:15,70.759,Long Pine #1,,,
2003,8/1/2015 7:30,70.587,Long Pine #1,,,
2004,8/1/2015 7:45,70.416,Long Pine #1,,,
2005,8/1/2015 8:00,70.201,Long Pine #1,,,
2006,8/1/2015 8:15,69.985,Long Pine #1,,,
2007,8/1/2015 8:30,69.771,Long Pine #1,,,
2008,8/1/2015 8:45,69.557,Long Pine #1,,,
2009,8/1/2015 9:00,69.3,Long Pine #1,,,
2010,8/1/2015 9:15,69.042,Long Pine #1,,,
2011,8/1/2015 9:30,68.785,Long Pine #1,,,
2012,8/1/2015 9:45,68.527,Long Pine #1,,,
2013,8/1/2015 10:00,68.227,Long Pine #1,,,
2014,8/1/2015 10:15,68.013,Long Pine #1,,,
2015,8/1/2015 10:30,67.798,Long Pine #1,,,
2016,8/1/2015 10:45,67.757,Long Pine #1,,,
2017,8/1/2015 11:00,67.842,Long Pine #1,,,
2018,8/1/2015 11:15,67.971,Long Pine #1,,,
2019,8/1/2015 11:30,68.142,Long Pine #1,,,
2020,8/1/2015 11:45,68.313,Long Pine #1,,,
2021,8/1/2015 12:00,68.527,Long Pine #1,,,
2022,8/1/2015 12:15,68.657,Long Pine #1,,,
2023,8/1/2015 12:30,68.742,Long Pine #1,,,
2024,8/1/2015 12:45,68.698,Long Pine #1,,,
2025,8/1/2015 13:00,68.657,Long Pine #1,,,
2026,8/1/2015 13:15,68.484,Long Pine #1,,,
2027,8/1/2015 13:30,68.313,Long Pine #1,,,
2028,8/1/2015 13:45,68.142,Long Pine #1,,,
2029,8/1/2015 14:00,67.928,Long Pine #1,,,
2030,8/1/2015 14:15,67.714,Long Pine #1,,,
2031,8/1/2015 14:30,67.5,Long Pine #1,,,
2032,8/1/2015 14:45,67.242,Long Pine #1,,,
2033,8/1/2015 15:00,67.028,Long Pine #1,,,
2034,8/1/2015 15:15,66.814,Long Pine #1,,,
2035,8/1/2015 15:30,66.558,Long Pine #1,,,
2036,8/1/2015 15:45,66.344,Long Pine #1,,,
2037,8/1/2015 16:00,66.087,Long Pine #1,,,
2038,8/1/2015 16:15,65.872,Long Pine #1,,,
2039,8/1/2015 16:30,65.615,Long Pine #1,,,
2040,8/1/2015 16:45,65.403,Long Pine #1,,,
2041,8/1/2015 17:00,65.23,Long Pine #1,,,
2042,8/1/2015 17:15,65.017,Long Pine #1,,,
2043,8/1/2015 17:30,64.845,Long Pine #1,,,
2044,8/1/2015 17:45,64.717,Long Pine #1,,,
2045,8/1/2015 18:00,64.589,Long Pine #1,,,
2046,8/1/2015 18:15,64.418,Long Pine #1,,,
2047,8/1/2015 18:30,64.288,Long Pine #1,,,
2048,8/1/2015 18:45,64.161,Long Pine #1,,,
2049,8/1/2015 19:00,64.033,Long Pine #1,,,
2050,8/1/2015 19:15,63.903,Long Pine #1,,,
2051,8/1/2015 19:30,63.732,Long Pine #1,,,
2052,8/1/2015 19:45,63.604,Long Pine #1,,,
2053,8/1/2015 20:00,63.475,Long Pine #1,,,
2054,8/1/2015 20:15,63.39,Long Pine #1,,,
2055,8/1/2015 20:30,63.262,Long Pine #1,,,
2056,8/1/2015 20:45,63.133,Long Pine #1,,,
2057,8/1/2015 21:00,63.005,Long Pine #1,,,
2058,8/1/2015 21:15,62.875,Long Pine #1,,,
2059,8/1/2015 21:30,62.748,Long Pine #1,,,
2060,8/1/2015 21:45,62.62,Long Pine #1,,,
2061,8/1/2015 22:00,62.533,Long Pine #1,,,
2062,8/1/2015 22:15,62.406,Long Pine #1,,,
2063,8/1/2015 22:30,62.319,Long Pine #1,,,
2064,8/1/2015 22:45,64.204,Long Pine #1,,,
2065,8/1/2015 23:00,66.729,Long Pine #1,,,
2066,8/1/2015 23:15,68.698,Long Pine #1,,,
2067,8/1/2015 23:30,70.201,Long Pine #1,,,
2068,8/1/2015 23:45,71.317,Long Pine #1,,,
2069,8/2/2015 0:00,72.178,Long Pine #1,,,
2070,8/2/2015 0:15,72.826,Long Pine #1,,,
2071,8/2/2015 0:30,73.342,Long Pine #1,,,
2072,8/2/2015 0:45,73.774,Long Pine #1,,,
2073,8/2/2015 1:00,74.12,Long Pine #1,,,
2074,8/2/2015 1:15,74.338,Long Pine #1,,,
2075,8/2/2015 1:30,74.554,Long Pine #1,,,
2076,8/2/2015 1:45,74.683,Long Pine #1,,,
2077,8/2/2015 2:00,74.856,Long Pine #1,,,
2078,8/2/2015 2:15,74.986,Long Pine #1,,,
2079,8/2/2015 2:30,75.074,Long Pine #1,,,
2080,8/2/2015 2:45,75.204,Long Pine #1,,,
2081,8/2/2015 3:00,75.247,Long Pine #1,,,
2082,8/2/2015 3:15,75.29,Long Pine #1,,,
2083,8/2/2015 3:30,75.376,Long Pine #1,,,
2084,8/2/2015 3:45,75.42,Long Pine #1,,,
2085,8/2/2015 4:00,75.463,Long Pine #1,,,
2086,8/2/2015 4:15,75.333,Long Pine #1,,,
2087,8/2/2015 4:30,75.074,Long Pine #1,,,
2088,8/2/2015 4:45,74.899,Long Pine #1,,,
2089,8/2/2015 5:00,74.813,Long Pine #1,,,
2090,8/2/2015 5:15,74.64,Long Pine #1,,,
2091,8/2/2015 5:30,74.511,Long Pine #1,,,
2092,8/2/2015 5:45,74.381,Long Pine #1,,,
2093,8/2/2015 6:00,74.295,Long Pine #1,,,
2094,8/2/2015 6:15,74.25,Long Pine #1,,,
2095,8/2/2015 6:30,74.25,Long Pine #1,,,
2096,8/2/2015 6:45,74.12,Long Pine #1,,,
2097,8/2/2015 7:00,73.947,Long Pine #1,,,
2098,8/2/2015 7:15,73.731,Long Pine #1,,,
2099,8/2/2015 7:30,73.515,Long Pine #1,,,
2100,8/2/2015 7:45,73.256,Long Pine #1,,,
2101,8/2/2015 8:00,72.997,Long Pine #1,,,
2102,8/2/2015 8:15,72.739,Long Pine #1,,,
2103,8/2/2015 8:30,72.48,Long Pine #1,,,
2104,8/2/2015 8:45,72.178,Long Pine #1,,,
2105,8/2/2015 9:00,71.92,Long Pine #1,,,
2106,8/2/2015 9:15,71.62,Long Pine #1,,,
2107,8/2/2015 9:30,71.317,Long Pine #1,,,
2108,8/2/2015 9:45,71.06,Long Pine #1,,,
2109,8/2/2015 10:00,70.759,Long Pine #1,,,
2110,8/2/2015 10:15,70.502,Long Pine #1,,,
2111,8/2/2015 10:30,70.329,Long Pine #1,,,
2112,8/2/2015 10:45,70.243,Long Pine #1,,,
2113,8/2/2015 11:00,70.201,Long Pine #1,,,
2114,8/2/2015 11:15,70.329,Long Pine #1,,,
2115,8/2/2015 11:30,70.543,Long Pine #1,,,
2116,8/2/2015 11:45,70.759,Long Pine #1,,,
2117,8/2/2015 12:00,71.017,Long Pine #1,,,
2118,8/2/2015 12:15,71.274,Long Pine #1,,,
2119,8/2/2015 12:30,71.577,Long Pine #1,,,
2120,8/2/2015 12:45,71.748,Long Pine #1,,,
2121,8/2/2015 13:00,71.791,Long Pine #1,,,
2122,8/2/2015 13:15,71.791,Long Pine #1,,,
2123,8/2/2015 13:30,71.704,Long Pine #1,,,
2124,8/2/2015 13:45,71.62,Long Pine #1,,,
2125,8/2/2015 14:00,71.447,Long Pine #1,,,
2126,8/2/2015 14:15,71.274,Long Pine #1,,,
2127,8/2/2015 14:30,71.06,Long Pine #1,,,
2128,8/2/2015 14:45,70.846,Long Pine #1,,,
2129,8/2/2015 15:00,70.587,Long Pine #1,,,
2130,8/2/2015 15:15,70.286,Long Pine #1,,,
2131,8/2/2015 15:30,70.029,Long Pine #1,,,
2132,8/2/2015 15:45,69.728,Long Pine #1,,,
2133,8/2/2015 16:00,69.471,Long Pine #1,,,
2134,8/2/2015 16:15,69.685,Long Pine #1,,,
2135,8/2/2015 16:30,70.416,Long Pine #1,,,
2136,8/2/2015 16:45,71.017,Long Pine #1,,,
2137,8/2/2015 17:00,71.49,Long Pine #1,,,
2138,8/2/2015 17:15,71.791,Long Pine #1,,,
2139,8/2/2015 17:30,72.093,Long Pine #1,,,
2140,8/2/2015 17:45,72.264,Long Pine #1,,,
2141,8/2/2015 18:00,72.394,Long Pine #1,,,
2142,8/2/2015 18:15,72.567,Long Pine #1,,,
2143,8/2/2015 18:30,72.696,Long Pine #1,,,
2144,8/2/2015 18:45,72.783,Long Pine #1,,,
2145,8/2/2015 19:00,72.739,Long Pine #1,,,
2146,8/2/2015 19:15,72.653,Long Pine #1,,,
2147,8/2/2015 19:30,72.739,Long Pine #1,,,
2148,8/2/2015 19:45,72.739,Long Pine #1,,,
2149,8/2/2015 20:00,72.783,Long Pine #1,,,
2150,8/2/2015 20:15,72.826,Long Pine #1,,,
2151,8/2/2015 20:30,72.826,Long Pine #1,,,
2152,8/2/2015 20:45,72.783,Long Pine #1,,,
2153,8/2/2015 21:00,72.739,Long Pine #1,,,
2154,8/2/2015 21:15,72.696,Long Pine #1,,,
2155,8/2/2015 21:30,72.653,Long Pine #1,,,
2156,8/2/2015 21:45,72.567,Long Pine #1,,,
2157,8/2/2015 22:00,72.523,Long Pine #1,,,
2158,8/2/2015 22:15,72.437,Long Pine #1,,,
2159,8/2/2015 22:30,72.307,Long Pine #1,,,
2160,8/2/2015 22:45,72.178,Long Pine #1,,,
2161,8/2/2015 23:00,72.093,Long Pine #1,,,
2162,8/2/2015 23:15,72.05,Long Pine #1,,,
2163,8/2/2015 23:30,71.964,Long Pine #1,,,
2164,8/2/2015 23:45,71.92,Long Pine #1,,,
2165,8/3/2015 0:00,71.877,Long Pine #1,,,
2166,8/3/2015 0:15,71.748,Long Pine #1,,,
2167,8/3/2015 0:30,71.577,Long Pine #1,,,
2168,8/3/2015 0:45,71.361,Long Pine #1,,,
2169,8/3/2015 1:00,71.361,Long Pine #1,,,
2170,8/3/2015 1:15,71.317,Long Pine #1,,,
2171,8/3/2015 1:30,71.274,Long Pine #1,,,
2172,8/3/2015 1:45,71.231,Long Pine #1,,,
2173,8/3/2015 2:00,71.19,Long Pine #1,,,
2174,8/3/2015 2:15,71.146,Long Pine #1,,,
2175,8/3/2015 2:30,71.06,Long Pine #1,,,
2176,8/3/2015 2:45,70.974,Long Pine #1,,,
2177,8/3/2015 3:00,70.93,Long Pine #1,,,
2178,8/3/2015 3:15,70.846,Long Pine #1,,,
2179,8/3/2015 3:30,70.759,Long Pine #1,,,
2180,8/3/2015 3:45,70.673,Long Pine #1,,,
2181,8/3/2015 4:00,70.587,Long Pine #1,,,
2182,8/3/2015 4:15,70.543,Long Pine #1,,,
2183,8/3/2015 4:30,70.543,Long Pine #1,,,
2184,8/3/2015 4:45,70.587,Long Pine #1,,,
2185,8/3/2015 5:00,70.63,Long Pine #1,,,
2186,8/3/2015 5:15,70.543,Long Pine #1,,,
2187,8/3/2015 5:30,70.673,Long Pine #1,,,
2188,8/3/2015 5:45,70.759,Long Pine #1,,,
2189,8/3/2015 6:00,70.887,Long Pine #1,,,
2190,8/3/2015 6:15,71.06,Long Pine #1,,,
2191,8/3/2015 6:30,71.19,Long Pine #1,,,
2192,8/3/2015 6:45,71.19,Long Pine #1,,,
2193,8/3/2015 7:00,71.103,Long Pine #1,,,
2194,8/3/2015 7:15,71.017,Long Pine #1,,,
2195,8/3/2015 7:30,70.846,Long Pine #1,,,
2196,8/3/2015 7:45,70.673,Long Pine #1,,,
2197,8/3/2015 8:00,70.459,Long Pine #1,,,
2198,8/3/2015 8:15,70.201,Long Pine #1,,,
2199,8/3/2015 8:30,69.985,Long Pine #1,,,
2200,8/3/2015 8:45,69.901,Long Pine #1,,,
2201,8/3/2015 9:00,69.858,Long Pine #1,,,
2202,8/3/2015 9:15,69.814,Long Pine #1,,,
2203,8/3/2015 9:30,69.771,Long Pine #1,,,
2204,8/3/2015 9:45,69.728,Long Pine #1,,,
2205,8/3/2015 10:00,69.728,Long Pine #1,,,
2206,8/3/2015 10:15,69.771,Long Pine #1,,,
2207,8/3/2015 10:30,69.942,Long Pine #1,,,
2208,8/3/2015 10:45,70.072,Long Pine #1,,,
2209,8/3/2015 11:00,70.201,Long Pine #1,,,
2210,8/3/2015 11:15,70.286,Long Pine #1,,,
2211,8/3/2015 11:30,70.416,Long Pine #1,,,
2212,8/3/2015 11:45,70.587,Long Pine #1,,,
2213,8/3/2015 12:00,70.716,Long Pine #1,,,
2214,8/3/2015 12:15,70.887,Long Pine #1,,,
2215,8/3/2015 12:30,71.103,Long Pine #1,,,
2216,8/3/2015 12:45,71.317,Long Pine #1,,,
2217,8/3/2015 13:00,71.49,Long Pine #1,,,
2218,8/3/2015 13:15,71.577,Long Pine #1,,,
2219,8/3/2015 13:30,71.577,Long Pine #1,,,
2220,8/3/2015 13:45,71.533,Long Pine #1,,,
2221,8/3/2015 14:00,71.447,Long Pine #1,,,
2222,8/3/2015 14:15,71.317,Long Pine #1,,,
2223,8/3/2015 14:30,71.146,Long Pine #1,,,
2224,8/3/2015 14:45,70.93,Long Pine #1,,,
2225,8/3/2015 15:00,70.716,Long Pine #1,,,
2226,8/3/2015 15:15,70.502,Long Pine #1,,,
2227,8/3/2015 15:30,70.243,Long Pine #1,,,
2228,8/3/2015 15:45,70.201,Long Pine #1,,,
2229,8/3/2015 16:00,70.072,Long Pine #1,,,
2230,8/3/2015 16:15,70.029,Long Pine #1,,,
2231,8/3/2015 16:30,70.201,Long Pine #1,,,
2232,8/3/2015 16:45,70.286,Long Pine #1,,,
2233,8/3/2015 17:00,70.372,Long Pine #1,,,
2234,8/3/2015 17:15,70.416,Long Pine #1,,,
2235,8/3/2015 17:30,70.543,Long Pine #1,,,
2236,8/3/2015 17:45,70.759,Long Pine #1,,,
2237,8/3/2015 18:00,71.017,Long Pine #1,,,
2238,8/3/2015 18:15,71.361,Long Pine #1,,,
2239,8/3/2015 18:30,71.661,Long Pine #1,,,
2240,8/3/2015 18:45,71.92,Long Pine #1,,,
2241,8/3/2015 19:00,72.05,Long Pine #1,,,
2242,8/3/2015 19:15,72.093,Long Pine #1,,,
2243,8/3/2015 19:30,72.05,Long Pine #1,,,
2244,8/3/2015 19:45,72.007,Long Pine #1,,,
2245,8/3/2015 20:00,71.834,Long Pine #1,,,
2246,8/3/2015 20:15,71.661,Long Pine #1,,,
2247,8/3/2015 20:30,71.404,Long Pine #1,,,
2248,8/3/2015 20:45,71.103,Long Pine #1,,,
2249,8/3/2015 21:00,70.803,Long Pine #1,,,
2250,8/3/2015 21:15,70.459,Long Pine #1,,,
2251,8/3/2015 21:30,70.286,Long Pine #1,,,
2252,8/3/2015 21:45,70.115,Long Pine #1,,,
2253,8/3/2015 22:00,69.985,Long Pine #1,,,
2254,8/3/2015 22:15,69.942,Long Pine #1,,,
2255,8/3/2015 22:30,70.115,Long Pine #1,,,
2256,8/3/2015 22:45,70.243,Long Pine #1,,,
2257,8/3/2015 23:00,70.372,Long Pine #1,,,
2258,8/3/2015 23:15,70.372,Long Pine #1,,,
2259,8/3/2015 23:30,70.372,Long Pine #1,,,
2260,8/3/2015 23:45,70.329,Long Pine #1,,,
2261,8/4/2015 0:00,70.329,Long Pine #1,,,
2262,8/4/2015 0:15,70.243,Long Pine #1,,,
2263,8/4/2015 0:30,70.201,Long Pine #1,,,
2264,8/4/2015 0:45,70.115,Long Pine #1,,,
2265,8/4/2015 1:00,69.942,Long Pine #1,,,
2266,8/4/2015 1:15,69.814,Long Pine #1,,,
2267,8/4/2015 1:30,69.771,Long Pine #1,,,
2268,8/4/2015 1:45,69.728,Long Pine #1,,,
2269,8/4/2015 2:00,69.643,Long Pine #1,,,
2270,8/4/2015 2:15,69.557,Long Pine #1,,,
2271,8/4/2015 2:30,69.514,Long Pine #1,,,
2272,8/4/2015 2:45,69.427,Long Pine #1,,,
2273,8/4/2015 3:00,69.343,Long Pine #1,,,
2274,8/4/2015 3:15,69.256,Long Pine #1,,,
2275,8/4/2015 3:30,69.17,Long Pine #1,,,
2276,8/4/2015 3:45,69.085,Long Pine #1,,,
2277,8/4/2015 4:00,68.999,Long Pine #1,,,
2278,8/4/2015 4:15,68.999,Long Pine #1,,,
2279,8/4/2015 4:30,69.213,Long Pine #1,,,
2280,8/4/2015 4:45,69.771,Long Pine #1,,,
2281,8/4/2015 5:00,70.416,Long Pine #1,,,
2282,8/4/2015 5:15,70.846,Long Pine #1,,,
2283,8/4/2015 5:30,71.231,Long Pine #1,,,
2284,8/4/2015 5:45,71.577,Long Pine #1,,,
2285,8/4/2015 6:00,71.704,Long Pine #1,,,
2286,8/4/2015 6:15,71.791,Long Pine #1,,,
2287,8/4/2015 6:30,71.834,Long Pine #1,,,
2288,8/4/2015 6:45,71.877,Long Pine #1,,,
2289,8/4/2015 7:00,71.92,Long Pine #1,,,
2290,8/4/2015 7:15,71.964,Long Pine #1,,,
2291,8/4/2015 7:30,72.007,Long Pine #1,,,
2292,8/4/2015 7:45,72.05,Long Pine #1,,,
2293,8/4/2015 8:00,72.093,Long Pine #1,,,
2294,8/4/2015 8:15,72.05,Long Pine #1,,,
2295,8/4/2015 8:30,72.007,Long Pine #1,,,
2296,8/4/2015 8:45,71.964,Long Pine #1,,,
2297,8/4/2015 9:00,71.877,Long Pine #1,,,
2298,8/4/2015 9:15,71.834,Long Pine #1,,,
2299,8/4/2015 9:30,71.748,Long Pine #1,,,
2300,8/4/2015 9:45,71.704,Long Pine #1,,,
2301,8/4/2015 10:00,71.62,Long Pine #1,,,
2302,8/4/2015 10:15,71.62,Long Pine #1,,,
2303,8/4/2015 10:30,71.834,Long Pine #1,,,
2304,8/4/2015 10:45,72.136,Long Pine #1,,,
2305,8/4/2015 10:48,,Long Pine #1,Logged,,
2306,8/4/2015 10:48,,Long Pine #1,,Logged,Logged
